"","address","n","coin","coin_amount","dollar_amount","dollar_numeric"
"1","1BTc7rYxLcyiLDKzCLLjfCuafJWJYrexHF",18872,"btc","0.00536223 BTC","$144.70",144.7
"2","0x4f58888EC23a2A7ca6e6AE2E5bc6B9d9589b2a5E",14131,"eth","0.00 ETH","$0.00",0
"3","0x4f58888ec23a2a7ca6e6ae2e5bc6b9d9589b2a5e",9219,"eth","0.00 ETH","$0.00",0
"4","1Ej9DWvq2nera1Pn7kbrKVBuKivKYdYaFC",1475,"btc",NA,NA,NA
"5","0xEaB82ac9833F46B08fC5dc0F9532E004C4b02A84",1449,"eth","0.04642645452564148 ETH","$75.47",75.47
"6","0x0409ee9153db15a25fe12645d2d0af6b6179ba76",777,"eth","0.2084308 ETH","$338.83",338.83
"7","bc1qxz4z8sr9pt8jtxtlmsn84sljv3kgvxc7v8l25p",684,"btc","0.01471566 BTC","$397.22",397.22
"8","0x1813f6fe24de48bd52e83e13b5d830c4f4b59adb",488,"eth","0.00 ETH","$0.00",0
"9","0xE43c58557610d4D4Cc214e691e77FcC8e414d378",344,"eth","0.750452383931422985 ETH","$1,219.97",1219.97
"10","0xe82badf03db7746fa67a61316e35ada6e13eaac3",204,"eth","0.00 ETH","$0.00",0
"11","bc1qxcj2wrgny2wvrlqah5d49r5zhj20809899ypx0",172,"btc","0.05966606 BTC","$1,610.09",1610.09
"12","bc1qh5jepa9de30dhksjqrfzymwrpnn3kwdx58gmad9ehe5xp488usuq94xz6l",114,NA,"0.05966606 BTC","$1,610.09",1610.09
"13","3Qdfhyps9gLc9btQbdcTpqLwuQLEPGZoKv",106,"btc","0.00380111 BTC","$102.70",102.7
"14","0x55d398326f99059fF775485246999027B3197955",103,"eth","133.288580180335116215 ETH","$216,679",216679
"15","3PQ8xZUhwHu88J2hkQCzmhFAcCpGc4jLgz",103,"btc","0.00636638 BTC","$171.85",171.85
"16","0xCF8335727B776d190f9D15a54E6B9B9348439eEE",91,"eth","0.00 ETH","$0.00",0
"17","0x495f947276749ce646f68ac8c248420045cb7b5e",89,"eth","0.00 ETH","$0.00",0
"18","0xef22572FeC629Df889FA86b4520E473a4ED09553",89,"eth","0.00 ETH","$0.00",0
"19","3Dvn3pzb5azoXJK5WtDZG7SjkHe1MF3N",89,"btc",NA,NA,NA
"20","0x0B0e6d366fEfF2dbA1187438C23786c4C9Fc20Fe",77,"eth","0.00 ETH","$0.00",0
"21","0x4739352b67Da6F4064757627D92A08EaDd3fb6b6",75,"eth","2.318497364009115294 ETH","$3,770.67",3770.67
"22","33i1BwMuzeYTAUNtiLa6CjvaHtTVYNJfnp",75,"btc",NA,NA,NA
"23","32AfrhXVsMrUEZGuGcubTWy6mFmoq3tX",64,"btc",NA,NA,NA
"24","0xcf8335727b776d190f9d15a54e6b9b9348439eee",57,"eth","0.00 ETH","$0.00",0
"25","3db64b3ec219688bd987458cc3f738ec",56,"btc",NA,NA,NA
"26","0xf0c4FcAd6597EcA8882d2be8724d31f56bf5D9fd",53,"eth","0.00 ETH","$0.00",0
"27","0x433ed1795366315e535fcd286f9c063924145d08",52,"eth","0.00 ETH","$0.00",0
"28","0xA1821953Ac06663A90Af84fb362FA47ACA5535EC",52,"eth","0.015065 ETH","$24.50",24.5
"29","3MNHV5XHKnEDWTxpDLDFbd2r6tYzoTEJtw",52,"btc","0.00121127 BTC","$32.73",32.73
"30","bc1qgvly6efv4e4qznhkfux6p5aklqdryeum5vvfq4",52,"btc","2.35625775 BTC","$63,660.12",63660.12
"31","3fno9tqREE91m3oekJFT8pMT9S1AGVsA",50,"btc",NA,NA,NA
"32","14eQRbtXsuaGS6cv1risWtW6rpaVmzPh5M",49,"btc","0.00000000 BTC","$0.00",0
"33","3f3f348d176bc7152a8cb2dbab2e4cc4",45,"btc",NA,NA,NA
"34","0xA82Ca5cC595B3a60206edE9715CDf42199583B52",40,"eth","0.43350235 ETH","$705.02",705.02
"35","16HDgC2HaEaNAE4CvQehzBsGjSrqd4D8YD",40,"btc","0.96512668 BTC","$26,075.28",26075.28
"36","3NEvHFGRXDBgeXKpUhs465R8Jis7ch37KX",40,"btc","0.00663731 BTC","$179.32",179.32
"37","1mUKD6aCXCPQfVA2ZqQ5JLFbkDqsH8b5",37,"btc",NA,NA,NA
"38","0x88FB5a0E3f8686fBEd02F4666730164f835E7ab1",36,"eth","0.00 ETH","$0.00",0
"39","0xacA453Ebd26DAf7FeF3ee862222ce5b3f2C69B65",36,"eth","3.07724404 ETH","$5,004.65",5004.65
"40","1NE1FdDPtrfXDnGZoQ76Y3Ly4DBhqruAvj",36,"btc","0.00000000 BTC","$0.00",0
"41","3PGp66s5ZbU462UakQKRBb3VKjwMvJxf8P",36,"btc","0.09488724 BTC","$2,563.61",2563.61
"42","3rPAoa4FreeVideoDocumentary",34,"btc",NA,NA,NA
"43","0x9D0F3c1C764806192b89376eccC4E03c3f9E7f0a",33,"eth","0.15 ETH","$243.87",243.87
"44","3MZnYSgt61E2rrx9CxQ5bhURLiFsidQZ5C",33,"btc",NA,NA,NA
"45","3QasxayQhb3TaneBNn8TDxE2gCZPxLaXsU",33,"btc","0.03658981 BTC","$988.56",988.56
"46","bc1qzgpe48halk2h3zh0hphjmq7c8am9vg6hfz4dn4",33,"btc","0.39106303 BTC","$10,565.53",10565.53
"47","3JfF8nnUp79Hg37YkAQEfM5FGiyrg6kpZ3",32,"btc","0.35765664 BTC","$9,662.98",9662.98
"48","bc1q7xfc7ppuw5jwz77sy29txy0efwqnpxw70swgy6",32,"btc","1.49552166 BTC","$40,405.21",40405.21
"49","bc1qpkmys07aj72dn73422f7t56lw36gu9zeazzfyd",32,"btc",NA,NA,NA
"50","12Fxo22h7sSow5j2ChdXK8jKEmZxkhyuVV",30,"btc",NA,NA,NA
"51","3BBe7nc16j3a7VPyrG9hL4avPfNHUCdG",29,"btc",NA,NA,NA
"52","bc1qh006gxs4q9sjql4j7yahs54504uthavtd63d9y",29,"btc","0.00119094 BTC","$32.18",32.18
"53","0x4046e64b1CDCb177b2ca5C8D1DDd6F0799669251",27,"eth","22.404058836723391615 ETH","$36,424.07",36424.07
"54","3D961v4EmAJJutbjeLi67g5jNZa1K22i",27,"btc",NA,NA,NA
"55","bc1q9m80vudsa3gxcwlafuw38fp6gqttva608hzw0e",27,"btc","2.01095581 BTC","$54,330.94",54330.94
"56","0x164563835236e92d2745638c379338643989d2b6",26,"eth","0.00 ETH","$0.00",0
"57","16vABHoPHpnow7BpjsC3gZW5YFcoaN2H7K",26,"btc","2.47279477 BTC","$66,808.66",66808.66
"58","3PQbRDSfHKh7zvaq2rp7RRE5Ddf4CaXYZb",26,"btc",NA,NA,NA
"59","3DFJN2HBcmgH5fyAE762ZqKa4JNq6Xwp",24,"btc",NA,NA,NA
"60","1MYWtsoPCNbQajCyeyiYq477MFELhnp5sR",23,"btc","1.32496956 BTC","$35,797.33",35797.33
"61","0x5FE112F31399EC039403944Adbc3d1255DA04Cb0",22,"eth","0.00 ETH","$0.00",0
"62","0xb0761906980390dae89f16177604b0844cc96aa3",22,"eth","0.382553297600262238 ETH","$621.95",621.95
"63","0xf83c492154c0bda38f7018dad0333713e2333793",22,"eth","0.00 ETH","$0.00",0
"64","1KeuUnGttETBok5N3vLceq72PXPw6wq4x",22,"btc","0.03095513 BTC","$836.33",836.33
"65","3DZTB4r2ZRNnpqHTHg71WNuyJyEvVpme",22,"btc",NA,NA,NA
"66","bc1qdj5cm8leqgzv24d0mwc7wgzcer2f5svgx7d4sq",22,"btc","0.00000000 BTC","$0.00",0
"67","bc1qy995lwm5my5p5qhps4a87pmdl05qqrmqv5mz0l",22,"btc",NA,"$7,841.51",7841.51
"68","0x670b681d8acca37d7e12c43f9d5114f4543e50ff",21,"eth","0.00 ETH","$0.00",0
"69","0x6A6AA13393B7d1100c00a57c76c39e8B6C835041",21,"eth","402.461833465368857313 ETH","$654,314",654314
"70","3fDCfxsUEUikyMdt4WSyFGo5u9dpJoHL",21,"btc",NA,NA,NA
"71","3Lp2YPkHBgFEr6nPoCnUtBw3ZEDazJcLrN",21,"btc","0.00000000 BTC","$0.00",0
"72","1316298e8d5245dd24b463bdd2f63172",20,"btc",NA,NA,NA
"73","3cd8ywefUHxyd5kWo3AU9yyADg2MiEKF",20,"btc",NA,NA,NA
"74","3ZZ244QPBNCZHP3Z5RWF52NHSM",20,"btc",NA,NA,NA
"75","0x0155aa89B0748B5740DB4BC561cAeF76d664C0BB",18,"eth","2.008315815574659219 ETH","$3,265.08",3265.08
"76","0x5cfb972182c1cdba3d02a161b65948941699b8e2",18,"eth","1.284524044544375306 ETH","$2,088.35",2088.35
"77","1D6KX4cAsVzuPL4YvUYcJQKUaBj9dLrWwj",18,"btc","0.21070543 BTC","$5,692.73",5692.73
"78","3Mq26ouX6QZAQcyyb79hjPjFcrgENBVBec",18,"btc","0.07624942 BTC","$2,060.77",2060.77
"79","0x2953399124f0cbb46d2cbacd8a89cf0599974963",17,"eth","21.504200403745498253 ETH","$34,961.10",34961.1
"80","1L6kxKa1utQQqN3Vpk9zSgDmWeUWU3JNS5",17,"btc",NA,NA,NA
"81","3FxRxaLGDjzk9GE7nYQ1cCdtHpxLC393dS",17,"btc","0.38624183 BTC","$10,434.69",10434.69
"82","3UafEJcKZxaPH76sxV1Gf6n3HrYHHCwk",17,"btc",NA,NA,NA
"83","bc1q34lfgege5aqdrx8zvj0w8qgx3llrukwqtakmv",17,"btc",NA,NA,NA
"84","bc1q34lfgege5aqdrx8zvj0w8qgx3llrukwqtakmv5",17,"btc","0.00254015 BTC","$68.62",68.62
"85","0x0De136b4Fa35ED6b7E4CF817AD6cea54C78D2601",16,"eth","12.947316842227235297 ETH","$21,049.49",21049.49
"86","0xa8d4c3aa7c6e44a4c414db03e9b03de99f82b3b0",16,"eth","7.823311358103289286 ETH","$12,718.98",12718.98
"87","bc1qrs3ghum50usftxfv80ur9j0d6xwrvvqxh05uy0",16,"btc","0.00055000 BTC","$14.86",14.86
"88","3NE6pxt9JLYuQkQ8qkseaiakX7vyQyn87r",15,"btc","3.04820256 BTC","$82,382.80",82382.8
"89","0xD0fA18905FA4048CD7dB2296Daa23053C5e55D46",14,"eth","1.000000000000000000 ETH","$1,626.77",1626.77
"90","33PrVUEmESWi4rZbzhfeDCsmfeJKUjYE",14,"btc",NA,NA,NA
"91","33YYRNqp2TxhYQNJyBJCyg2iDStPgo4o",14,"btc",NA,NA,NA
"92","38w4uSCXkV2bQeE4bXvJ1kRnLQSmXokVAd",14,"btc","0.05990487 BTC","$1,619.03",1619.03
"93","3TdJ5cNLAGLyA6M8YZKCQibQCETx3BvS",14,"btc",NA,NA,NA
"94","3vKxfx7QCarr3kFCaushiAaagQNNaa7g",14,"btc",NA,NA,NA
"95","0x9819E12F004cB60e1fB7D1dA908fDd7048b6852E",13,"eth","0.189749 ETH","$308.68",308.68
"96","0xeD7DE6fc346898C002f97A8EC5BF9Edf89d6c0d3",13,"eth","0.160160553552059896 ETH","$260.54",260.54
"97","1P5ZEDWTKTFGxQjZphgWPQUpe554WKDfHQ",13,"btc","241914.77607289 BTC","$6,538,153,240",6538153240
"98","32a7a9694c1f738eef6af6d3fc6e5aa1",13,"btc",NA,NA,NA
"99","bc1qy03d7ccga4ldazev5ty4klppjyn7kw9ckkqe4c",13,"btc","0.01178393 BTC","$318.48",318.48
"100","0xBc369c26Ab7f5cdC81E1759E15F390FC49859014",12,"eth","2.688668126166545668 ETH","$4,373.84",4373.84
"101","0xe0d3059817137ee8a850362f12b84ed3e5a742f3",12,"eth","0.053587135277891947 ETH","$87.12",87.12
"102","1FBNuUiFKTJCnKX7HK9Hoqsv72kjEbpdhY",12,"btc","0.26289717 BTC","$7,105.24",7105.24
"103","3aUFMj5tdZ9k8ZcDM9EHpfNQprSSViQ6",12,"btc",NA,NA,NA
"104","bc1qa33jtjdddasd7uf03mpfchthceqm7fetk6xrk8",12,"btc","0.05668613 BTC","$1,532.04",1532.04
"105","0x03077054A3D535fB9Aa9ec268AD4D0A2790D1b7e",11,"eth","0.02551922 ETH","$41.51",41.51
"106","1QGND9HGKTQM78VT7H3521J3DG",11,"btc",NA,NA,NA
"107","1YsAkMXkdEpTZTj9Pb28EKPr2fy2Rxgiw",11,"btc",NA,NA,NA
"108","318u8fCmbp8KcZgs31ZvSM9J8F9KytdS",11,"btc",NA,NA,NA
"109","36U4sexdtYZBvS5v7AZmVuaRTWuck7XM",11,"btc",NA,NA,NA
"110","39BGXxnqHERmpgD3bs3YQfQcbqQtTzkG",11,"btc",NA,NA,NA
"111","3A4hpRbBMrnWQd9kTe5N53AEDatonKpytp",11,"btc","0.00000000 BTC","$0.00",0
"112","3Rd7Db2gmAcBfX12KEyZAG9xa9faxLQB",11,"btc",NA,NA,NA
"113","0x40B7055A17a2b7A68EBdCc99e2A533826Dd3ab13",10,"eth","0.00 ETH","$0.00",0
"114","0x4eD2B632a17c6603aA34Fb344D495F46cdB6Fcc3",10,"eth","0.00 ETH","$0.00",0
"115","0xdC130Be0f4a45BC771E23e2e8076EBf9383d7fa3",10,"eth","2.082004131166208936 ETH","$3,386.98",3386.98
"116","1364cfa8744c4f99e7aa711f26342d9f",10,"btc",NA,NA,NA
"117","1d8af462424d818f96e88dc6ed115dc1",10,"btc",NA,NA,NA
"118","3EEmZzcF89Bd35JFUPebLadj4spYwmwVWk",10,"btc","0.00393551 BTC","$106.39",106.39
"119","3Pb481Lqx132XKSDSXFheNu7YHGBwY3K",10,"btc",NA,NA,NA
"120","bc1q27rwkdmpftujgsnqw8ey202p47w6sv2g0dghhg",10,"btc","0.04182325 BTC","$1,130.34",1130.34
"121","0x8e63a242acfa1c2984a02934c7295b0972fcad0c",9,"eth","0.536083122882426851 ETH","$872.08",872.08
"122","0xC636E142B68fCD4903dea494aE19c7FCF7C6908A",9,"eth","0.00 ETH","$0.00",0
"123","0xfbf194e32303aa8eb6438263c318828e514a779e",9,"eth","0.820013633435960697 ETH","$1,333.99",1333.99
"124","151MfuZ8LcQuo5sc3jUTUQeag3BARoHWUE",9,"btc","0.46989152 BTC","$12,702.68",12702.68
"125","16HDgC2HaEaNAE4CvQehzBsGjSrqd4D8yd",9,"btc",NA,NA,NA
"126","1BAkfVnRxpvQPdcgeS6y72uMUjk5GGuJSF",9,"btc","1.00745590 BTC","$27,234.77",27234.77
"127","1D1X2wa1Aj6PVbwe7ySKruRqWwUbYwjXDQ",9,"btc","0.00000000 BTC","$0.00",0
"128","31588e1313b2618647de62d963ef491a",9,"btc",NA,NA,NA
"129","3JM84PWvtvmypcurWArKJdmMm3kvAaAS3c",9,"btc","0.07206310 BTC","$1,948.10",1948.1
"130","3oXQKuZ7UiYWHDMcbgnuQKk14StfdguA",9,"btc",NA,NA,NA
"131","bc1qccjkpdglepa20suckvh8xmknt22g9pwjsqhtt0",9,"btc","0.00000000 BTC","$0.00",0
"132","bc1qtfh7vh9hv3thmp4q4pxt0qxhxnj76pgjxrg3gr",9,"btc","0.00001000 BTC","$0.27",0.27
"133","0x29Ec4e408a862EdaA95CA0002b6519dFd4848d95",8,"eth","0.068272433663102143 ETH","$111.06",111.06
"134","0x35a8c1306e042779c0e34c3521c3ddda0bda628a",8,"eth","0.00 ETH","$0.00",0
"135","0x746057E08C3bdACb92F88cE3Aa3D31c47280bEc7",8,"eth","10.856066480000327617 ETH","$17,660.54",17660.54
"136","0x7c22777260328b4163854ef629b205fe02bb80b2",8,"eth","0.00 ETH","$0.00",0
"137","0xa61A521f2F7929Cd6E82708d37c9Bf7fcCC88033",8,"eth","0.08283718 ETH","$134.76",134.76
"138","0xf0D78482140D4f80B8EDC46f2b5094345122C903",8,"eth","0.00 ETH","$0.00",0
"139","1197a15e58334dd3ada7285e283d33d4",8,"btc",NA,NA,NA
"140","11e651dbfba341838c44715b9f856b48",8,"btc",NA,NA,NA
"141","13818CrimesAgainstHumanity",8,"btc",NA,NA,NA
"142","14543a22cdb6275c7d199a33feb313ed",8,"btc",NA,NA,NA
"143","16b29d58db6745cbcb53c4e3ed91aead",8,"btc",NA,NA,NA
"144","17C55k8KftKbovKb789e4diBHjyk4kXyF5",8,"btc","2.57109960 BTC","$69,505.08",69505.08
"145","1LeebMVtXGvky19AcoYAzuZaqdEhQe6gzn",8,"btc","0.60509940 BTC","$16,357.78",16357.78
"146","36qeZLpYvGRoCkkggm2t8LH4SUXdVnhJ",8,"btc",NA,NA,NA
"147","37kJHRBLaiyfhmXGyTAJbCz3J2SzxRJbLw",8,"btc","0.18980320 BTC","$5,130.99",5130.99
"148","3888a9a4d91e5235228e1bc6e29f1d66",8,"btc",NA,NA,NA
"149","3952211bd482a785d3a8fbe9cc4d7c86",8,"btc",NA,NA,NA
"150","3DeNJ3i9enNAcELPCLe6gdsmh37TwqYr",8,"btc",NA,NA,NA
"151","3DPostBottomSharingButtons",8,"btc",NA,NA,NA
"152","3E4dxH2ebJBZPbXpbRsXFFAMBabEPbv3Zp",8,"btc","0.18330519 BTC","$4,955.33",4955.33
"153","3EDF4rjoHgJo8LKXrjesdDEUDsPd5eVn",8,"btc",NA,NA,NA
"154","3V4WWJXM6CY7CDDRE34XWDKQNM",8,"btc",NA,NA,NA
"155","3VWBZ7TMTJH7JGC23T6CPL63KE",8,"btc",NA,NA,NA
"156","bc1qk8nydv8pnyvl3y946jzvqlnnqwgu5d66l6un34",8,"btc","0.00701943 BTC","$189.76",189.76
"157","bc1qq73metffvpsxwywnfqh9grlt6k5wmtv7n2ruxe",8,"btc","0.00000000 BTC","$0.00",0
"158","0x60f80121c31a0d46b5279700f9df786054aa5ee5",7,"eth","0.00 ETH","$0.00",0
"159","0xb44739a8f2c57Cad38F96Aab8F2a0cA18258A7bA",7,"eth","1.187687666998665559 ETH","$1,932.12",1932.12
"160","0xb73Eddbd6fCE01Fd7824218F025D4d7fB447868f",7,"eth","18.662516455077052794 ETH","$30,366.71",30366.71
"161","0xc9cB449cdc355c1295CBbba6cE74935BB01B0b3D",7,"eth","0.00 ETH","$0.00",0
"162","0xd33F5DE33EFd21624dCB65EC71856F64C066EE90",7,"eth","0.009459932328878311 ETH","$15.39",15.39
"163","0xDC209281EACcE785c60AC660F2714851593A1c9F",7,"eth","1.583077731264838298 ETH","$2,575.34",2575.34
"164","17hGV89wxpTWAbsRsAUiMoTjFMbkRSaNY",7,"btc",NA,NA,NA
"165","1dba6aa94ca446bab77faa8f8912ed85",7,"btc",NA,NA,NA
"166","1e751a6b7f366eec396d146b3813eed2",7,"btc",NA,NA,NA
"167","1gaNTki5gYY1FVDQ5XycDbionNo",7,"btc",NA,NA,NA
"168","1LdN9igdvAc2GGtaApbq93hhfMLmyEAZJe",7,"btc","0.00000000 BTC","$0.00",0
"169","1mPoEZHeQefVa8x2gxKTnyhtEYdT",7,"btc",NA,NA,NA
"170","1NJsvZb9EoCS6kLLee3qRyFu7B9xPqG7bh",7,"btc","0.04502121 BTC","$1,217.07",1217.07
"171","3457oqifcq7rkrte3pj52s3vzu",7,"btc",NA,NA,NA
"172","3dsoccec25aubny73ncs36x4ia",7,"btc",NA,NA,NA
"173","3NVW1YKAyMB7vGqKTrdCyZ1JMP54RHjR6m",7,"btc","0.01077453 BTC","$291.27",291.27
"174","3sFF7AQU3Hh3taAgekgTpkvZVprt4bVU",7,"btc",NA,NA,NA
"175","bc1qqjecv7evml4xm5ljjx2l7c3vjs92rgerr5st5z",7,"btc","0.25290523 BTC","$6,836.92",6836.92
"176","0x301Ff3cc554e7B336E20b0534c66046e56C3DC91",6,"eth","0.363778234862389827 ETH","$591.91",591.91
"177","0x409d5d085532E28e8B85bF1bC43F32B12bcC3eAe",6,"eth","0.01281174 ETH","$20.85",20.85
"178","0x82a572e5Fe934441F04e3Ce5E97B96A35dd8E91A",6,"eth","0.05103753 ETH","$83.05",83.05
"179","0x8fCC8585A16745f1B6588B4258D1E67970bf5Ed9",6,"eth","0.17558110368366838 ETH","$285.70",285.7
"180","0xbf99b35b102094a130e0872e981ca422328f4be6",6,"eth","0.00 ETH","$0.00",0
"181","0xECB0abfBe791e83eC7E59FBb20Caec4DE8B1A327",6,"eth","1.313677750692211336 ETH","$2,137.55",2137.55
"182","1367b5a3fbb6549aee6b918e6696ecc4",6,"btc",NA,NA,NA
"183","14tLNUYw96u7pdhviu5kxf5vWvE43SPkmq",6,"btc","0.18935416 BTC","$5,118.85",5118.85
"184","1989TiananmenSquareMassacre",6,"btc",NA,NA,NA
"185","1d59c9bfce76448691514a3e35321cb6",6,"btc",NA,NA,NA
"186","1fcenrs1sn92Xmv4UzrTidDZw16q1c",6,"btc",NA,NA,NA
"187","1H3mHiUZCz9jyfDFTTpYw7VuYCgMtuLWW",6,"btc",NA,NA,NA
"188","1Jyfn4Wd2i6bRi12ePghMHtX3ys1b7K1A",6,"btc",NA,NA,NA
"189","1Nhpu3QwYAjRYZUnmaVi45pgkYYsqPrCmK",6,"btc","0.01860500 BTC","$502.96",502.96
"190","1pra8z6zqh9gz1n1q12zz1zzqz3",6,"btc",NA,NA,NA
"191","1RRHCUPF7ygW2cj4tRMbiKwSC9tAxXyXS",6,"btc",NA,NA,NA
"192","1U6EcfG5QxuDxPmgq68kFM4WtGR",6,"btc",NA,NA,NA
"193","1wk7qJUSrqJhd2ZamMJkQMraW6FTacKep",6,"btc",NA,NA,NA
"194","33449c86fccf43a6abe13254b72ea3dd",6,"btc",NA,NA,NA
"195","36c1a1c7b5c3431147948a9dcea5395a",6,"btc",NA,NA,NA
"196","384ce223729f4cfb9c6deba2844a8a38",6,"btc",NA,NA,NA
"197","3ad77fdfeeed46c3bd5c3e8adfc77f33",6,"btc",NA,NA,NA
"198","3BesCufrQcNthp7xFfnhoQtNhCxjVA3z",6,"btc",NA,NA,NA
"199","3Bs8iTS664LoS6jzRLVFqUKxsvvz7cgs",6,"btc",NA,NA,NA
"200","3DEvAXPTgz3bLHiimuwo9rGpNS7n68Lz",6,"btc",NA,NA,NA
"201","3DFRAnzVrziUEiqbdc6wCn1Yx1usvgoQMk",6,"btc",NA,NA,NA
"202","3FmS3iuY3sjjqdFhk9S9XW1GjERSGKKwMb",6,"btc","1.16049376 BTC","$31,370.56",31370.56
"203","3G1xrByifSgztb1HCDVKSehhBGdKPF6D2R",6,"btc","0.00000000 BTC","$0.00",0
"204","3iemirK6yD8BFv7tXYpPLRaaoNEH9Q9t",6,"btc",NA,NA,NA
"205","3JGJahC3SpHtPnUy87mPGUTF5CXmN6p6Dx",6,"btc",NA,NA,NA
"206","3KWeCqTjzLXr4r33Xk6xSFdt9jYdgNrq1p",6,"btc","0.00000000 BTC","$0.00",0
"207","3Lw67FpA1TKA52amaEMZFB8UWdtRnJGd",6,"btc",NA,NA,NA
"208","3R1QibmUdXFADWriJNF5w7Mbu3MFjxFvYx",6,"btc","0.00000000 BTC","$0.00",0
"209","3Z2QH3HSMBATTNHR3QV7G2Z3QE",6,"btc",NA,NA,NA
"210","3ZtXhR7NtAqpkwKtdv5pw4UmC5J8idjXm",6,"btc",NA,NA,NA
"211","bc1q6urf9z02xl2d5c54xycx0hr4j3xctf6rqlhm2t",6,"btc","0.32050814 BTC","$8,664.00",8664
"212","bc1qvh9fm5jtucnd2kfjqravwaef0ewtqjcg3r3h5k",6,"btc","0.02300099 BTC","$621.74",621.74
"213","0x0a5bc35f81c4e12a5aa6c09144d33f5da7b9ceec",5,"eth","0.00 ETH","$0.00",0
"214","0x18d83c60d3b933960c5ff5Cbb9596f495eBa0d99",5,"eth","0.00 ETH","$0.00",0
"215","0x509C1e3604985d6D580aF04E0d7Da6320Fd5d10a",5,"eth","0.00 ETH","$0.00",0
"216","0x5874fA981C592958b6ab231d5662456C5BF4429d",5,"eth","7.57926706311734099 ETH","$12,332.38",12332.38
"217","0x7EB8aF5D7C4026E5DfB849c74D75A8a16AfD8537",5,"eth","0.00 ETH","$0.00",0
"218","0x9BDe1b41187F62fFA812e7c3d00F5A22Df9a3a19",5,"eth","0.10554793 ETH","$171.74",171.74
"219","0xf349604CFa2d36E6A7aE3E0C4479F18375d8F3C7",5,"eth","1.152363896744283806 ETH","$1,875.03",1875.03
"220","1281ce3f8d934ad8bcaac318cf76b2c4",5,"btc",NA,NA,NA
"221","134zHUXFQYXvDecKMdL8eHFYqHvnw79xtw",5,"btc","0.00000000 BTC","$0.00",0
"222","13ZBWmsB7F6uNvSRtBm5tfnRNHHPj4jWdF",5,"btc","0.00186000 BTC","$50.28",50.28
"223","14e6baf23c38468f8c2adf13b27ebc19",5,"btc",NA,NA,NA
"224","1ad5c29dc91c4229fda7beb73be5c182",5,"btc",NA,NA,NA
"225","1aFFwGSaW6VkdR1v9FYoXUVocgGWwzTfk",5,"btc",NA,NA,NA
"226","1baa93263deb42c2b9a3c124332aba13",5,"btc",NA,NA,NA
"227","1e73ab1935d7a464592c853ebdd2914e",5,"btc",NA,NA,NA
"228","1WeEviCQskFqqH9iqRG73oZLQq5xXQ13g",5,"btc",NA,NA,NA
"229","31bu2ziwxr2n7q6auwz2z2akntka",5,"btc",NA,NA,NA
"230","32c9f4985ca45784fd9cfa2ba21f8553",5,"btc",NA,NA,NA
"231","39e77a93caf64d3b97ebabb44da92535",5,"btc",NA,NA,NA
"232","3a35c846b597459ea5f79e929c5bbc9e",5,"btc",NA,NA,NA
"233","3ARQYQXXWWFNTEQ7XGR3CYXYCM",5,"btc",NA,NA,NA
"234","3D284qDt6Lw8zHxtLWc2YPS2kC9e7y5p",5,"btc",NA,NA,NA
"235","3Fv4i9ftBj8HZQrB8cxEA2u4yCPncFMqw3",5,"btc",NA,"$554.49",554.49
"236","3gwp4mro7nez5ihuqdqsmneiei",5,"btc",NA,NA,NA
"237","3HB8BYH9xqk8a4HBpZGBLg1GEaLwRgDjvS",5,"btc","0.60688680 BTC","$16,404.82",16404.82
"238","3JK4KPS5TRHWDD2PLQWLEFGXHU",5,"btc",NA,NA,NA
"239","3MNbWXUdjFf9uokVR5ysJ1SovV8FJr8Nqw",5,"btc","0.00000000 BTC","$0.00",0
"240","3sJTmnkPo5RpMrADS9C1CAgPrJ8T9TqL",5,"btc",NA,NA,NA
"241","3SyEg2VqmeRsLKohqWvHNJxYqKoDx2cT",5,"btc",NA,NA,NA
"242","3z52HgzGEnfH1VKaZ1dE1NTEkpJfuQgM",5,"btc",NA,NA,NA
"243","bc1q4je43jh0s026247x6uc0tl95eckqnjv4p5f74z",5,"btc",NA,NA,NA
"244","bc1q6vp57lnhwze2qr6p83pzvmnhtxu0gluddpnr46",5,"btc",NA,NA,NA
"245","bc1q8mjrs3xz7ntnrjxhln3kr8rmgrk6rfg9c2tw8k9hs3reuark823qequ6z4",5,NA,"0.00000000 BTC","$0.00",0
"246","bc1qxpe5mcgplq9hnse86nxvka4ryfj33hg9ywm6ks",5,"btc","0.26258590 BTC","$7,098.99",7098.99
"247",", u",4,NA,"0.26258590 BTC","$7,098.99",7098.99
"248","0x064c8e55aa484adbd58ca2d43343ef50137473b7",4,"eth","0.00 ETH","$0.00",0
"249","0x23D3808fEaEb966F9C6c5EF326E1dD37686E5972",4,"eth","85.312129528818193395 ETH","$138,813",138813
"250","0x4f370de7279ed3b07708bdb231b50bb60028e465",4,"eth","0.00 ETH","$0.00",0
"251","0x7c597d8bd58f7f5fc021f62ce042a1a5a2ed6f02",4,"eth","0.00 ETH","$0.00",0
"252","0x8838C0e3d90c56F3e923944afAfB197776c9cD58",4,"eth","1.994042202609507429 ETH","$3,244.55",3244.55
"253","0x8e4B33b69CBbfba2B55B63514fe61c031E03398C",4,"eth","2.258360093847077978 ETH","$3,674.62",3674.62
"254","0x91c958EC37CC317E09439511Eef8b4ce51A5d1E8",4,"eth","1.080706990304909583 ETH","$1,758.44",1758.44
"255","0xb2B7aa2cbBB88355A9e9af76Cd53FB7973126B55",4,"eth","0.00 ETH","$0.00",0
"256","0xbab1361bffba0f42654b84ae9db6a6db1a0d227b",4,"eth","10.634836595325126842 ETH","$17,304.16",17304.16
"257","0xc491405d542a393d8d202a72f0fb076447e61891",4,"eth","0.00 ETH","$0.00",0
"258","12535c32cb764b9f8ae2c5c9c27a3acb",4,"btc",NA,NA,NA
"259","1359756ae22f27f87c1d4d6b9c8ce212",4,"btc",NA,NA,NA
"260","137bc3e7c53c477abc759c6678a8a9fe",4,"btc",NA,NA,NA
"261","13gnXDDrUxGx2DWydiAUd5CWxZDbtRHyv",4,"btc",NA,NA,NA
"262","14edb6a6d19893c3dd15a879f3cd2a56",4,"btc",NA,NA,NA
"263","155f47b2d43438641d61fe4775dfd8c2",4,"btc",NA,NA,NA
"264","179fda2e532443aac91b4b8ace1abf79",4,"btc",NA,NA,NA
"265","17a3814bc2694fc1ab8366e2911216da",4,"btc",NA,NA,NA
"266","18a7iQnzzgzZSKRmziRRXZS6sRmGwRVefc",4,"btc","0.09695739 BTC","$2,621.24",2621.24
"267","1954572a25f48e39b7825e562129b9bc",4,"btc",NA,NA,NA
"268","1d5ddcffff8b452ca6b51f41beb8de37",4,"btc",NA,NA,NA
"269","1fad6735c298fa9aed9b58f288219dc5",4,"btc",NA,NA,NA
"270","1faf5b619c194882a2b1258c25258e1e",4,"btc",NA,NA,NA
"271","1fs6c9j54hv149RpRtuSduw6Z1sh1c",4,"btc",NA,NA,NA
"272","1ft72hak566YZgBzdgBmjmS7E1k21c",4,"btc",NA,NA,NA
"273","1JayTTJGVfxs5YpPP4JsHZTne9d6sMxb21",4,"btc","0.19390151 BTC","$5,242.12",5242.12
"274","1Krx5VvWA5hinnJ7xQtVXLWUTogVZ2WkKa",4,"btc","0.06452634 BTC","$1,744.47",1744.47
"275","1KxZuNryLAviHH1nRHwHwP2PSNvu1v88Y1",4,"btc","3.06478622 BTC","$82,856.31",82856.31
"276","1PKv6fT4ZLeCs6YxSrVFGYovQnsiiZwmd5ZL",4,"btc",NA,NA,NA
"277","1qRGQYfjHKfHo6XS3qASWZov91ke",4,"btc",NA,NA,NA
"278","1TfaL13T7TWLsMmpwMEPnFJsPNdUsE9hq",4,"btc",NA,NA,NA
"279","1TtATB2bGTBQveF2hUHcXDGFrGM6Mzhho",4,"btc",NA,NA,NA
"280","31d48dc598d6d29d7ca9e6b311e7d23d",4,"btc",NA,NA,NA
"281","31oe67q7PLQUbNABy87xjiipBvexgBYjtz",4,"btc","0.21926962 BTC","$5,929.58",5929.58
"282","32278d2f2e9141c8acf46e5d62c42a38",4,"btc",NA,NA,NA
"283","329b57389d6a4e3988973dc24234d41d",4,"btc",NA,NA,NA
"284","32b3e2c72ee342d7b34e22c85fb577db",4,"btc",NA,NA,NA
"285","3359e81d4bee4c5493eb2122ad24269f",4,"btc",NA,NA,NA
"286","3442YrMvsMJLwnYM4PiaMVCcaw1zwR9jhH",4,"btc","0.00000000 BTC","$0.00",0
"287","34NVJx2V9YwYaA6hsKmQHMPcRwLYbK4fJ3",4,"btc","0.01349447 BTC","$364.82",364.82
"288","35db5c9eec87b85ca8eb95a64c2f6dd7",4,"btc",NA,NA,NA
"289","35HtVnP5PUhdfSbErJhm3iPuYF4kWWUved",4,"btc","0.00000000 BTC","$0.00",0
"290","36f9b624174f4fad8fb6fcfe3fdf1883",4,"btc",NA,NA,NA
"291","36fc8fc38bd3f2e5dafdd24414e4759b",4,"btc",NA,NA,NA
"292","3911741dafe64b228d5a5591c3f6cbe1",4,"btc",NA,NA,NA
"293","3DFeed3Azerohedge2Ffeed28zerohedge",4,"btc",NA,NA,NA
"294","3DtCWTLQzgNsbZh9MvzapcGJ36ZBzhG7",4,"btc",NA,NA,NA
"295","3e455e8bbac74a9ca4d6ca32d89d738c",4,"btc",NA,NA,NA
"296","3e56199a2ee4ecd82f5f3135143b2a4a",4,"btc",NA,NA,NA
"297","3e98447a14f94f648a683e8bff2eb1d1",4,"btc",NA,NA,NA
"298","3f65e841e8b56d12b44f6f8eb61d8cab",4,"btc",NA,NA,NA
"299","3FVF6QET4JDRDJWW2YNKRCQKRA",4,"btc",NA,NA,NA
"300","3FW2GMEUZFHRBH77UYUA5FEPSA",4,"btc",NA,NA,NA
"301","3HFJVYDFRVH2LMY6DZT5VWWTX4",4,"btc",NA,NA,NA
"302","3QENDQJMMJR7EHTHBAKVPKEPWA",4,"btc",NA,NA,NA
"303","3r1kNyzwpAH1FHTwfqzJodw7oAS3aRLm",4,"btc",NA,NA,NA
"304","bc1q9kz20vgqaa5g8kj2rn6nyc0fas033nhwku8q24",4,"btc","0.00000000 BTC","$0.00",0
"305","bc1qe5za4q2cwdemj7c49s84a6vx2hhdk2g3akjpfq",4,"btc","0.00054886 BTC","$14.84",14.84
"306","bc1qf6d5h6dvcat8q6a82y79nwkq574ucl0fff5uzp",4,"btc","0.00004000 BTC","$1.08",1.08
"307","bc1qfnmm5lklu7srp57560tkpvs8l48v0ukacrqk8v",4,"btc","0.01255721 BTC","$339.58",339.58
"308","bc1qpy6adeyshr34wgrdkfl7gtlfcu4n8qnsp65u9k",4,"btc","0.13832033 BTC","$3,740.52",3740.52
"309","bc1qq37qdxh4kx7gc8lcykyaycns7dwqch9d2pt5ra",4,"btc","0.00000000 BTC","$0.00",0
"310","bc1qq5h4kmxs0mht7duwg5nxjmwtyvdvwnx4jfegv0",4,"btc","0.00550305 BTC","$148.82",148.82
"311","bc1qqm6ldmy5wr5kd6ju3j6nj53h2xqshgx32fjtns",4,"btc",NA,"$0.00",0
"312","bc1qxj804s3g4efuj03ng4w70jr6tra2jgsw77jldq",4,"btc","0.17564206 BTC","$4,749.79",4749.79
"313","bc1qy3w4gxg8x87jqustv80vtrqfwn6qhltydyx2xe",4,"btc","0.59766921 BTC","$16,162.42",16162.42
"314","0x0400A69CC8a57df0729b8C3238990700043D826E",3,"eth","0.00 ETH","$0.00",0
"315","0x0Ca112F04b73E07A9A2Ce1e9B7ACef7402CD1054",3,"eth","4.24811785872 ETH","$6,912.54",6912.54
"316","0x2380a064643A81379B94b3224C67ca9FEabb3D11",3,"eth","0.00 ETH","$0.00",0
"317","0x33cfeb06138bb5b757d0e4a6d7a757ca71d33d66",3,"eth","0.138316632737151707 ETH","$225.07",225.07
"318","0x5ea1ecb92Eb361C89a3c530Daef781fE5C8A1162",3,"eth","0.128161761619706 ETH","$208.54",208.54
"319","0x63db1811713871c58fbe0e55a55efa6eb1798232",3,"eth","0.052306477376849116 ETH","$85.11",85.11
"320","0x67C4d8d7B90dC4b09491753db97fFC50DB1C659e",3,"eth","0.206359115473269002 ETH","$335.79",335.79
"321","0x8d32E20d119d936998575B4AAff66B9999011D27",3,"eth","0.093790925645885749 ETH","$152.62",152.62
"322","0xbbbb19b86d3be0db07ca954286409aeb9407aa67",3,"eth","0.00 ETH","$0.00",0
"323","0xbc4171f45ef0ef66e76f979df021a34b46dcc81d",3,"eth","0.00 ETH","$0.00",0
"324","0xc9154424B823b10579895cCBE442d41b9Abd96Ed",3,"eth","0.00 ETH","$0.00",0
"325","0xD574dBd40FBF8B91D47DfD37998f157e95601B9F",3,"eth","0.00 ETH","$0.00",0
"326","12e259d32bb13bd6755c7bd25a87392a",3,"btc",NA,NA,NA
"327","1433cb985d99628c324b1dc6952241b4",3,"btc",NA,NA,NA
"328","143a8f14da689e9916aec5afdfda6d16",3,"btc",NA,NA,NA
"329","15a114d365f14699a6eb55a7eb1a38fb",3,"btc",NA,NA,NA
"330","1644786be17c32423b96d7bd58663197",3,"btc",NA,NA,NA
"331","176HcY724CZMU1XSGqStx72xD6YcfHxcm",3,"btc",NA,NA,NA
"332","17ea389ac71c4e65869f421aaa51d51c",3,"btc",NA,NA,NA
"333","17f5ca1fe8b163f3e4bb66a2323e236c",3,"btc",NA,NA,NA
"334","18267cb59122427d29524a66aba5fd4f",3,"btc",NA,NA,NA
"335","197b58f3fe6b4f19b9cd6b6b2b882b99",3,"btc",NA,NA,NA
"336","1a733b222fa94ac296b221bc75d49855",3,"btc",NA,NA,NA
"337","1b9a2c2bcfb742ad872c58ddda549374",3,"btc",NA,NA,NA
"338","1bef77a374ca432ebe6449a449d7f61d",3,"btc",NA,NA,NA
"339","1c3fa253b7254ad58ca9feb8d36ea869",3,"btc",NA,NA,NA
"340","1CicSBueQq99v54GnQEx6m7s1e7pvRxdxW",3,"btc","0.01608356 BTC","$434.82",434.82
"341","1d2af9f5dc4e448cb9e3f71f4aea6b39",3,"btc",NA,NA,NA
"342","1d3f28cec6ae4988b93b47f5e49924d8",3,"btc",NA,NA,NA
"343","1d931a8227a5443c9b57a26643bcd94f",3,"btc",NA,NA,NA
"344","1dfdafda1aea47e4a8e3ba716ecd5ab6",3,"btc",NA,NA,NA
"345","1e591c82f28c4debae32b38b2ad73365",3,"btc",NA,NA,NA
"346","1eof1d6f23o3pAcPJb8wmyAfj1r41c",3,"btc",NA,NA,NA
"347","1EXPUMCdm61dedpJw4ZtnXYG7rzjdgY47q",3,"btc","0.32058941 BTC","$8,667.20",8667.2
"348","1f66a249a55d4c848997493e2bbf2f8f",3,"btc",NA,NA,NA
"349","1f712c81ffba55844483fb56bda4c318",3,"btc",NA,NA,NA
"350","1faa4eee25ff4642b48c42dffcb3db63",3,"btc",NA,NA,NA
"351","1fc7cb9ia6r5R9oWr3G4cY6im1321c",3,"btc",NA,NA,NA
"352","1fejknh1m6etEXL5UtkadeKrL13t1c",3,"btc",NA,NA,NA
"353","1GKu83JQz3mzyjCZ3JpMgRVStPLQViJkVQ",3,"btc","3.09762227 BTC","$83,758.68",83758.68
"354","1HQ3Go3ggs8pFnXuHVHRytPCq5fGG8Hbhx",3,"btc","208210.48639850 BTC","$5,629,012,141",5629012141
"355","1KpPW2DNuA2KuZnY2F9tgBrmkoFNcvMYgJ",3,"btc","0.00000000 BTC","$0.00",0
"356","1KsNrzGUUmBxYH1ju3FGrnz1h7PSbEDe7o",3,"btc","0.01239757 BTC","$335.26",335.26
"357","1LkEwG5cHoUd3Ap3Xb3A49nGqr7qLSmFvK",3,"btc",NA,NA,NA
"358","1MPSBwwgweYtdWrzTqQrQapYvrbyi48zDh",3,"btc","0.38008447 BTC","$10,275.66",10275.66
"359","1SKGEYFK9VwqgC7q2mv7ef9bmEqJN3ACk",3,"btc",NA,NA,NA
"360","1VnwBphmBSdkA6MjqWi6nscXsvPmbZ15h",3,"btc",NA,NA,NA
"361","1YkrCSGUBw73rxJAyaFpXdAWKD",3,"btc",NA,NA,NA
"362","313ed5387b5344e6c3eeaa96b697c1fb",3,"btc",NA,NA,NA
"363","31975224dc6d4cf894d6f5d8b21c6616",3,"btc",NA,NA,NA
"364","3199dcb7b6fed42665b892ec7cd268dd",3,"btc",NA,NA,NA
"365","31F4U1GB59SbQ4xtxJ2XF7egWdBKeJkq",3,"btc",NA,NA,NA
"366","326f82c5327149568c7bbe4bfb4e4fe8",3,"btc",NA,NA,NA
"367","328WQCqXRcPkMiqLLJpMD4Et8XrPtcbUuJ",3,"btc","0.00436919 BTC","$118.15",118.15
"368","32JUF74LKZGDZG22LVRMRKMARA",3,"btc",NA,NA,NA
"369","334tMX3Knn6oYnru7Wmsda8sC1sSZWSujR",3,"btc",NA,NA,NA
"370","3449b47db22784e9a9298b52e78cac88",3,"btc",NA,NA,NA
"371","34532bb78bd26dd97ab2b225ada4635e",3,"btc",NA,NA,NA
"372","346f4e3823bd41a1b24e82a7639bdc31",3,"btc",NA,NA,NA
"373","34hFPRnVfFoSFej3fyij6o5cZB11uRPM",3,"btc",NA,NA,NA
"374","355155d92bc572829438326b94ca4d2e",3,"btc",NA,NA,NA
"375","357317f2497492758bee346ee1ec",3,"btc",NA,NA,NA
"376","3581667136e1cabd6a19d5fcf5bec531",3,"btc",NA,NA,NA
"377","36MRjw2xEFT7KSnyNiue5vWHR3ti",3,"btc",NA,NA,NA
"378","37adbd96f4df48d763a8ae1a68e89338",3,"btc",NA,NA,NA
"379","38bc1475baa27f2a8a89de427c5657df",3,"btc",NA,NA,NA
"380","38xBFf4yA3qzB9d3iC4N5BvvaZaAiG16",3,"btc",NA,NA,NA
"381","39b1ef977988dad468b8b7b67e265e6e",3,"btc",NA,NA,NA
"382","3ACZbTLVQPKg6dYQhdMi3ADCKT",3,"btc",NA,NA,NA
"383","3AX3SCJHCBCM7PT3QHQ6CBW54M",3,"btc",NA,NA,NA
"384","3BHAMUZLBM8N1sS6DgFfHDgVi2NNDWqL",3,"btc",NA,NA,NA
"385","3cb781d797bf44cc913d94324adde566",3,"btc",NA,NA,NA
"386","3e59991ce288467b9be121bbfaab3259",3,"btc",NA,NA,NA
"387","3fjoMQW1YYcNmxfo7LDmgY57f8NzZvGm",3,"btc",NA,NA,NA
"388","3GD8tfW8AvctzWyCYKWjzNQtSGnyddGz9a",3,"btc","0.00852766 BTC","$230.56",230.56
"389","3gyhijp42vau3oamisfcf7nu6m",3,"btc",NA,NA,NA
"390","3JLTmF1SfqcHoLCKQ3sav3kgo6RLm5zw",3,"btc",NA,NA,NA
"391","3mrhry5vfzdnphvj6rdhg6a4ee",3,"btc",NA,NA,NA
"392","3ofW9Ju54Rfz1seWUN9gFdDNP97i4vVL",3,"btc",NA,NA,NA
"393","3PEuSYuYK7AR4g2ASTaXF3YTJb8HqNDd",3,"btc",NA,NA,NA
"394","3tDeSxbzCz2F7emP9ycmddbHLricdhad",3,"btc",NA,NA,NA
"395","3U7YZ3S3D5HM5BWNV7DHMQFUVE",3,"btc",NA,NA,NA
"396","3w89qYXS8Yu1dfzJZfKfMBj5zwi4Y7YT",3,"btc",NA,NA,NA
"397","3XTq1Lz5ovKfaCyErdSQmbjqcKsGmG2z",3,"btc",NA,NA,NA
"398","3ztnZbjbdbkS3hEjdpMxvAPfVQZP8rANf1",3,"btc",NA,NA,NA
"399","bc1e6254c738",3,NA,NA,NA,NA
"400","bc1q35rrdyl3r7h2hz7ra3uye48j4d062tg2whzv4t",3,"btc","0.00878595 BTC","$237.54",237.54
"401","bc1q72th2lfvfk3jadcgugjuqfzwkxdar0p78d8qgt",3,"btc","0.00000000 BTC","$0.00",0
"402","bc1qhtprlhwkuam6kddc2xhs2fnhkgw4hvwj4f9c7g",3,"btc","0.00000000 BTC","$0.00",0
"403","bc1qzgjz953f4gznway0hvz6lx360yd2autdkwf6nu",3,"btc","0.05533434 BTC","$1,496.07",1496.07
"404","0x0402a51e869a07caab57c8df5ad6f41d64bc1edc",2,"eth","0.00 ETH","$0.00",0
"405","0x0601ba977b5825c6025af1619047fa0e63cbecf2",2,"eth","0.00 ETH","$0.00",0
"406","0x10b17d9b2aee94a65eeb4c71141add20caa4376f",2,"eth","0.00 ETH","$0.00",0
"407","0x12f28e2106ce8fd8464885b80ea865e98b465149",2,"eth","0.00 ETH","$0.00",0
"408","0x13e07122edf860ed86a7b4d260d338de44d86bc4",2,"eth","0.00 ETH","$0.00",0
"409","0x24a11e702cd90f034ea44faf1e180c0c654ac5d9",2,"eth","0.485185030755437358 ETH","$789.24",789.24
"410","0x2bBF18D445558000070098209a5d1e0469428887",2,"eth","0.323167678645608749 ETH","$525.69",525.69
"411","0x33D88343f43da4Bb4BBD478d336dc6696377e6f0",2,"eth","0.00 ETH","$0.00",0
"412","0x3819220a89DAB4484e25FaC236A069a67ee5fCae",2,"eth","0.34256994 ETH","$557.25",557.25
"413","0x3F8AC0C84A3cAA2E0c5449fDb90300BFCde1C0B0",2,"eth","0.00 ETH","$0.00",0
"414","0x413b5fb505ace642972d0104ad6add5d39f0a681",2,"eth","20.934544516944428212 ETH","$34,053.80",34053.8
"415","0x46Fd9c4dfC6a16cD97b28576028c402eF51618eD",2,"eth","4.213761946558237399 ETH","$6,854.44",6854.44
"416","0x49c38380Fb18e5DA3480c52c7b73190343A72235",2,"eth","0.00 ETH","$0.00",0
"417","0x511c79655501025ac61fdb0dcaa4162c4d22d1ac",2,"eth","0.049759 ETH","$80.94",80.94
"418","0x58128Df53D0Ac31675c5A9A03264546b9f5636Ba",2,"eth","0.00 ETH","$0.00",0
"419","0x65ddffebf1af431748a403a663d1df783eb6e784",2,"eth","0.00 ETH","$0.00",0
"420","0x6eC430Bf1cA3E1D930A6c744fB99D78429e9501f",2,"eth","0.00 ETH","$0.00",0
"421","0x6fc2e356e59da28e10583d001fd945d70dfb1954",2,"eth","0.00 ETH","$0.00",0
"422","0x71ba91dc68c6a206db0a6a92b4b1de3f9271432d",2,"eth","1.656064548622393398 ETH","$2,693.89",2693.89
"423","0x77cb87b57f54667978eb1b199b28a0db8c8e1c0b",2,"eth","0.00 ETH","$0.00",0
"424","0x8173dda13fd405e5bca84bd7f64e58caf4810a32",2,"eth","0.00 ETH","$0.00",0
"425","0x847db9473547caa82a64b7f1e1533781797e597f",2,"eth","1.109180317016895238 ETH","$1,804.28",1804.28
"426","0x8A312e5f488B69C0Fb74136077D9Db5Ea482992c",2,"eth","53.087211501868529085 ETH","$86,355.91",86355.91
"427","0x8ee4924bd493109337d839c23f628e75ef5f1c4d",2,"eth","0.065093825957705186 ETH","$105.89",105.89
"428","0x9d8Dcd154be230D66A2dC0be2EeFcd328B54a30a",2,"eth","0.00 ETH","$0.00",0
"429","0xa59040c150b22b829cea9f06c64e9969743b9aba",2,"eth","1.739761610975485472 ETH","$2,830.04",2830.04
"430","0xb25b411C1dB16d140705b68D7f189B0aEe1cEaCF",2,"eth","2.82225285564198214 ETH","$4,590.90",4590.9
"431","0xB41106C0fa3974353Ef86F62B62228A0f4ad7fe9",2,"eth","0.00 ETH","$0.00",0
"432","0xB66a603f4cFe17e3D27B87a8BfCaD319856518B8",2,"eth","0.00 ETH","$0.00",0
"433","0xb78e86bf509a3845e1e9c00a3a212b0a961571f2",2,"eth","0.00 ETH","$0.00",0
"434","0xbc170064da75cAFF2C023d4Ef1b98595cD8c8BC7",2,"eth","0.174665982222542455 ETH","$284.13",284.13
"435","0xc2a3829F459B3Edd87791c74cD45402BA0a20Be3",2,"eth","4.536124755811163689 ETH","$7,378.82",7378.82
"436","0xC647075627478D265a2c8633a8426D401496Ac0b",2,"eth","0.03273875 ETH","$53.26",53.26
"437","0xC7FfB277788c954d98f697056118B53d51BA7957",2,"eth","0.2454 ETH","$399.19",399.19
"438","0xce48121e97da39f9680395b7ec70371ed82fd696",2,"eth","1.133286095706355489 ETH","$1,843.49",1843.49
"439","0xD2022561e696864aC13990320708A65f599817a5",2,"eth","0.00 ETH","$0.00",0
"440","0xDa4Dc16E905d9678623Ed1c2fc44cA31b1A93BE5",2,"eth","0.085715998095685636 ETH","$139.43",139.43
"441","0xeeCE7c3cfAa1b92546157100e26164a567c97764",2,"eth","0.00 ETH","$0.00",0
"442","0xf112d55c41a1f941c337ccaeb266df7a8aba24ae",2,"eth","0.148 ETH","$240.75",240.75
"443","0xF53F15B93e1F0Ce72bC96b850Db7576cC3bf6FE6",2,"eth","0.00 ETH","$0.00",0
"444","0xF62b2A09EC1554324b7b2EcB34dE8AcFE6d48781",2,"eth","0.00 ETH","$0.00",0
"445","0xF87d838Deb7A783684a3d33abB05e57E1cc57A7C",2,"eth","0.00 ETH","$0.00",0
"446","1111111111111111111111111111111",2,"btc",NA,NA,NA
"447","1115411f751e443885b41ad272193545",2,"btc",NA,NA,NA
"448","11b4f26de57da9b1b62669c1b2394ab3",2,"btc",NA,NA,NA
"449","11ed84492f8dc5278d26b8fe9f29bb21",2,"btc",NA,NA,NA
"450","121664254dbe8d194162985566",2,"btc",NA,NA,NA
"451","12cbcccc9aea4719837f79348d7bc131",2,"btc",NA,NA,NA
"452","12S5tcxnAmSnDiQh1q7EhE6AK7SCw22D",2,"btc",NA,NA,NA
"453","1335627152272736256Yesterday",2,"btc",NA,NA,NA
"454","1337944528854aadcb2477524b99e264",2,"btc",NA,NA,NA
"455","133932afcea146f9a555c3c93276dfd6",2,"btc",NA,NA,NA
"456","139a355be5d9fd7793d6fb6c845decbc",2,"btc",NA,NA,NA
"457","13a72148e9614736946d19ce7cf1a79e",2,"btc",NA,NA,NA
"458","13a8c5f87c394c558a616a2671daa7da",2,"btc",NA,NA,NA
"459","13cZnMv5W33TcRQiGk3hEktvDwSHew8xed",2,"btc","0.11408517 BTC","$3,083.31",3083.31
"460","13kxEEDfk3MpF1mdTR4QDU2nHsnTisDm",2,"btc",NA,NA,NA
"461","141ff6688bbb432accd3ca5a82a62887",2,"btc",NA,NA,NA
"462","14293ff1b1774c339be8a68aa25cec11",2,"btc",NA,NA,NA
"463","148fc21a75514233889d428bbceac684",2,"btc",NA,NA,NA
"464","149bfda8dbb5983d7fe65d9ffe235d34",2,"btc",NA,NA,NA
"465","14uRB6HjJQjTn4wzfKamtHD1XoXQo72zT5",2,"btc","0.00026165 BTC","$7.07",7.07
"466","158861e5b4eb4995f6cbc57d47461ef8",2,"btc",NA,NA,NA
"467","15BvKyXTD29G4Y2LsMatnmpuBBJd5vACGi",2,"btc","3.98554730 BTC","$107,715",107715
"468","15c287881878f64cf9dc2e5d31b6b733",2,"btc",NA,NA,NA
"469","15MKM9WPc23iMgHkJTJSmABneRKoNj6hi",2,"btc",NA,NA,NA
"470","16238c126a42834d5de7c67322dea4cd",2,"btc",NA,NA,NA
"471","165e8669dd9c4b839a6fe18557948ed4",2,"btc",NA,NA,NA
"472","16CtF8dLrQr9Mg6dd4m9F3jzTCffhjEMa",2,"btc",NA,NA,NA
"473","172ace9ef25586f5726e6be3b41fa758",2,"btc",NA,NA,NA
"474","17d4b5a9d552d27b4a4a21f14af9d197",2,"btc",NA,NA,NA
"475","17pMfVdtMwh6MxxLoeGoi4c8t1H21p15B",2,"btc",NA,NA,NA
"476","17xzodcji35bn1e2w5gnho3r3d",2,"btc",NA,NA,NA
"477","189b9e5752b74b1bd38d64937678d72d",2,"btc",NA,NA,NA
"478","18d1aba54ab841de828abae46599bc2a",2,"btc",NA,NA,NA
"479","18SPgTTRyJSv7Kzn6b8G4jakG8nQhktQmE",2,"btc","1.00815297 BTC","$27,246.76",27246.76
"480","192997ddb7b84baa95d4f6bee11cd17d",2,"btc",NA,NA,NA
"481","19374628737471637472674746173764",2,"btc",NA,NA,NA
"482","19b296a931815cc6e9a7947c95c95116",2,"btc",NA,NA,NA
"483","19b97a2ced8244279dfb978eea49e99f",2,"btc",NA,NA,NA
"484","19FGaLTTpsm7jraKKa4crPbqLi3LrFDkGi",2,"btc","0.64539636 BTC","$17,442.75",17442.75
"485","1a72fe57b76df8e69add3ed96c13d2d7",2,"btc",NA,NA,NA
"486","1a8d6a3ec55846c6b7df6bfcf7316674",2,"btc",NA,NA,NA
"487","1ad3cba6a4bfc7a21655e5867d217249",2,"btc",NA,NA,NA
"488","1ajALz2EBsgPDhYufsGuxQCrapHS4cza9",2,"btc",NA,NA,NA
"489","1b85b4f464de4c358993d99a1483feed",2,"btc",NA,NA,NA
"490","1ccfd89df6868911d934529b9e47d6c8",2,"btc",NA,NA,NA
"491","1Cegxhrg5LYnDudkMuQhoXjiAU",2,"btc",NA,NA,NA
"492","1CgXG8nYBCbop3W8abPk9k9f6c8ibeTNF2",2,"btc","7.48253492 BTC","$202,226",202226
"493","1CJovEXY7T9fEZuB3FSaLozEsE3k",2,"btc",NA,NA,NA
"494","1CTFU8gneBKoBnF5WvYUdSLtKZLvB2AytQ",2,"btc","0.00000000 BTC","$0.00",0
"495","1CVdabSceEw6YspSWJVJayHYhmR8bE3JUR",2,"btc","0.00562116 BTC","$151.92",151.92
"496","1d1eb21224dc4848b15e87a859214ace",2,"btc",NA,NA,NA
"497","1DYuVYvXJzYUBJwDnXHLtZQoY7GcYw8Du2",2,"btc","0.02047060 BTC","$553.25",553.25
"498","1e762d23f86744affca2e8c25931934e",2,"btc",NA,NA,NA
"499","1e7ad63b6875b8c5fe4742f32769cedb",2,"btc",NA,NA,NA
"500","1e81949cb764b977944f963f65899e16",2,"btc",NA,NA,NA
"501","1ea2c386a6b34ec19949e9681de9249b",2,"btc",NA,NA,NA
"502","1EbvWyepsdeQTMYiQmMi7zntRxW459JXVk",2,"btc","0.00430401 BTC","$116.32",116.32
"503","1ed36665d8b85222daf71729fc33dd",2,"btc",NA,NA,NA
"504","1ergkvc77egz21w2rcf6kkwyh2",2,"btc",NA,NA,NA
"505","1F56F9F49EA7957926D23C9416CB4CC3",2,"btc",NA,NA,NA
"506","1f5ca88d9ef445adafdbb98a368eff62",2,"btc",NA,NA,NA
"507","1f7hmbh26qo5fDsJ5Ho8ysWMB1hh1c",2,"btc",NA,NA,NA
"508","1f8gf7doqr87g3BjgZ2PYxTuy16u1c",2,"btc",NA,NA,NA
"509","1fak1a9j3ogH5opMCa2UMJsvB1kc1c",2,"btc",NA,NA,NA
"510","1fbbeu8o6jo6PbR9oPyqRRv4c1gs1c",2,"btc",NA,NA,NA
"511","1fbn4gaqejg5DaDLMrzp5TC2i1e51c",2,"btc",NA,NA,NA
"512","1fc1vftrrh923CDYDV6Vc4R3d1ss1c",2,"btc",NA,NA,NA
"513","1fdim1dqn6q5AxB6nWYdKZUJi13h1c",2,"btc",NA,NA,NA
"514","1ff34cgg8kj69bKeHcnjk7pXC19d1c",2,"btc",NA,NA,NA
"515","1ff7j162sjk7kUEHURTeeo4yY1mn1c",2,"btc",NA,NA,NA
"516","1fff7ihrvdjyjQEqtBvAGJcA91uk1c",2,"btc",NA,NA,NA
"517","1fj32613r7c1fKvuab5voVqYj1da1c",2,"btc",NA,NA,NA
"518","1FSrKWUJ8uEtpyKikviZRcUNenoYMo",2,"btc",NA,NA,NA
"519","1GMP1zg5PXHy128mWPACrWExu3JxDqsY",2,"btc",NA,NA,NA
"520","1H5cBKPz3aaYrtZezqnsMg6tWdhvCb3fzq",2,"btc","0.03926459 BTC","$1,061.48",1061.48
"521","1JNPGcLbGvDaj7DQLApQDZmAQCRLtrLu7o",2,"btc","0.00000000 BTC","$0.00",0
"522","1jnVQRb9Syjy4ijmKSHzMdXG9Z1TQWHJT",2,"btc",NA,NA,NA
"523","1Ksj52wfp5DEeLK8oJCN3R6zeeEWLq1xF4",2,"btc","0.00037011 BTC","$10.01",10.01
"524","1LAgpYUyvaQHYG1ExYdzqM8bNuhgbvmUg",2,"btc",NA,NA,NA
"525","1M5UVkGvvzA5G7nUC6YesV6GEPwUmoF3R",2,"btc",NA,NA,NA
"526","1McWQUTZfZ7ZJquz7nK8x7kGaDv2sALAv",2,"btc",NA,NA,NA
"527","1p2kpbo3m2quknsz91at8pos3p9ik95s",2,"btc",NA,NA,NA
"528","1PhGCg3o1NFs6Wo4hJ9NqmPmxdneWMX289",2,"btc","0.00126749 BTC","$34.27",34.27
"529","1sVQM7G7reQuQTGJ52yx8NnqmmFYVg2zJ",2,"btc",NA,NA,NA
"530","1t8rdzsxHnihz3ZGD94JKzm8dGoFf362e",2,"btc",NA,NA,NA
"531","1tGP8515FJEn4TWvYJ1GnWKTxskRNkUfY",2,"btc",NA,NA,NA
"532","1UnvXgRQuuJYPa6sy91KaHLjk3d21QhsP",2,"btc","1.15874030 BTC","$31,329.75",31329.75
"533","1w7mV6qXtMjrd73CK4Db9N4LgoKFA1ME3",2,"btc",NA,NA,NA
"534","1Woz1hrPkxW2ZcuygPj2iEP7HAqKopAL3",2,"btc","0.31200344 BTC","$8,435.88",8435.88
"535","3138cb9fdc1cbe973c2b7abb93e9dbeb",2,"btc",NA,NA,NA
"536","324P7S53A42PUD7NSVPDYGMF5Y",2,"btc",NA,NA,NA
"537","32645c31421947e18a749ff9f3bc8f8b",2,"btc",NA,NA,NA
"538","32aedce3ab74557525d6227bde67f1c1",2,"btc",NA,NA,NA
"539","32d5aa796ea1fef12a55bf74f73a8c68",2,"btc",NA,NA,NA
"540","32maoSs4M816KbKrLAqGfoYp2LyZG58Jf6",2,"btc","0.02737204 BTC","$740.08",740.08
"541","331e39ab6fcd85329377a899f678db1c",2,"btc",NA,NA,NA
"542","338de7bd8d564a4bb71967c25c3c846a",2,"btc",NA,NA,NA
"543","33cb444d177545baf8aa4162855d49d5",2,"btc",NA,NA,NA
"544","33e9f73c5bf1afbc7e5adb96b4715f8c",2,"btc",NA,NA,NA
"545","33V4U5YKVTM2GLX5JA7TTJ2NRE",2,"btc",NA,NA,NA
"546","33VDQpoGGYYGUshcGfyuMPjWZq3opS2c5S",2,"btc","0.32672659 BTC","$8,833.96",8833.96
"547","34258789bd2bd999f7ad39cf9618e8ab",2,"btc",NA,NA,NA
"548","3432acbf98dc486bad6d971b7bbd9ab2",2,"btc",NA,NA,NA
"549","345y6trhgthnghtryhmjyrmhjymhmjmj",2,"btc",NA,NA,NA
"550","34CNZVAUGBC5DP6MSZY7RMMZXM",2,"btc",NA,NA,NA
"551","34d1517c4282cdc79ece6386a4cdea76",2,"btc",NA,NA,NA
"552","34EVjpdnbxTzGN9wwXVCqdvqiLkgYgABHB",2,"btc","0.00000000 BTC","$0.00",0
"553","34fc4fa481cb3c1bdcbfa3926957ec82",2,"btc",NA,NA,NA
"554","352c21faf13a4cf28524fb911a7b5953",2,"btc",NA,NA,NA
"555","353ad3f82474c351374a539f18fe156f",2,"btc",NA,NA,NA
"556","3559edf7e179bcc6c9db6ed8d7dd9eb7",2,"btc",NA,NA,NA
"557","35f54e2231fd9e95f5944ea823b2f225",2,"btc",NA,NA,NA
"558","361dab644c3d47668d79554442e6ca19",2,"btc",NA,NA,NA
"559","364797e13e8f526595cc67d59ad9f6a2",2,"btc",NA,NA,NA
"560","365de824882b92dd85e2362543843759",2,"btc",NA,NA,NA
"561","3668b81e8c9746a8843c4d7f514822dd",2,"btc",NA,NA,NA
"562","36b4b32b4d1ac94281be25d648329d2c",2,"btc",NA,NA,NA
"563","36c5abb2a5945536dada275e2d164b41",2,"btc",NA,NA,NA
"564","36c747bdbb1232cc9964c96fef7c9a32",2,"btc",NA,NA,NA
"565","36f12a272f9b955e6524aa1d8e55776e",2,"btc",NA,NA,NA
"566","36G4LXGFP4LWDJPJMSRG6EDRCU",2,"btc",NA,NA,NA
"567","3775C4AB6B79455798C4B9232A66A7AB",2,"btc",NA,NA,NA
"568","37e6e227c1c273eb9de562987c8a921fid",2,"btc",NA,NA,NA
"569","381ebe34daf841ec91cbbcd65ee9eff9",2,"btc",NA,NA,NA
"570","392cdee15118ac2adbf9f61a68d692b2",2,"btc",NA,NA,NA
"571","398615fecc9627648f7b5cbba978fcdd",2,"btc",NA,NA,NA
"572","39Drd5ugCEfn6hW3nrNt5HRxiXn8hS7A",2,"btc",NA,NA,NA
"573","3a388f15e57beff3c91b7257b779bee1",2,"btc",NA,NA,NA
"574","3a396e46658743c5d6ad6a968a784a6b",2,"btc",NA,NA,NA
"575","3a5eed7cdf925ac2bd339b26a8794386",2,"btc",NA,NA,NA
"576","3a5p4hcz3bhffhtsuci3y373pq",2,"btc",NA,NA,NA
"577","3a6e459cb83a4279975265638a3befbe",2,"btc",NA,NA,NA
"578","3a8146cbcb47b9df7a31a19594df3ec6",2,"btc",NA,NA,NA
"579","3adc571d54184e858d23d9efbe3dea9b",2,"btc",NA,NA,NA
"580","3aed32661ae3c218c59117d1ce593777",2,"btc",NA,NA,NA
"581","3as43wo4izfpxibkecmtmrhjvy",2,"btc",NA,NA,NA
"582","3AW7K3X763ZLW2ZQ57GNLXT3V4",2,"btc",NA,NA,NA
"583","3Azxvt6B1hxwmYjP7jZdenMHNYxnA",2,"btc",NA,NA,NA
"584","3b3d325f478f998edfc4b2f5b99436d1",2,"btc",NA,NA,NA
"585","3b55fd1319e34d27afa5197365a8d672",2,"btc",NA,NA,NA
"586","3baKy3BMBjkGssiVw9miWxJaJhEHR",2,"btc",NA,NA,NA
"587","3bd6ee8b935354ffb3bf6972cffad418",2,"btc",NA,NA,NA
"588","3C1WjZYHtPELWPFJm6JxKhp2bwtz1JkRx8",2,"btc",NA,NA,NA
"589","3C4MRL4KGREEJHWEYQ7PVL3EDA",2,"btc",NA,NA,NA
"590","3CANSPVMN3THUXAEFG6APDU64M",2,"btc",NA,NA,NA
"591","3CFPHJTC5VCTPG23Z33XAP7JHA",2,"btc",NA,NA,NA
"592","3cSQo5QGdUZGAcHFdYirbGvWkLEfEnyT",2,"btc",NA,NA,NA
"593","3D9bdb65de27b881f62b84ef54f46d1575",2,"btc",NA,NA,NA
"594","3Das4zxgomZv4KMpE1AET6Sxudwu2xYb",2,"btc",NA,NA,NA
"595","3dc18ece1efb426396bdce43db598686",2,"btc",NA,NA,NA
"596","3de933e9d968dca576a9fa32e7c11f25",2,"btc",NA,NA,NA
"597","3df8fbbdad33fd7b44d134adba9726a3",2,"btc",NA,NA,NA
"598","3DfWqWxy66eEs6JgcAX4wFnQKgR3Y6pT",2,"btc",NA,NA,NA
"599","3dmRz8twnXbvhaxWE2wnnj7Him4Eyn2B",2,"btc",NA,NA,NA
"600","3DScrRQdGkkBMwiWqM2XSv5CVSazsUX4",2,"btc",NA,NA,NA
"601","3eafbd14a96347e9a667a7771fd44569",2,"btc",NA,NA,NA
"602","3ec3629c5862eafd89c5731ca4263cb8",2,"btc",NA,NA,NA
"603","3f27da3f3edf17f5a9a57b251f9cec33",2,"btc",NA,NA,NA
"604","3F33QNLAZREURG2ASNASVF26SU",2,"btc",NA,NA,NA
"605","3fa6d4d7aa1541f68a98bf1e4d9d689f",2,"btc",NA,NA,NA
"606","3fbf667384224b7eecb4ca33e279ac49",2,"btc",NA,NA,NA
"607","3fvhscrnpngm4be5ztb2w2desy",2,"btc",NA,NA,NA
"608","3H62xCrHDAJEX5YbfF3AbDZwZKXpBVw5gK",2,"btc","0.00409277 BTC","$110.67",110.67
"609","3HddXwB6FfBHBe6bQuzWoUd6szdv3AHz",2,"btc",NA,NA,NA
"610","3HxsFsrq3geUJM7P6GoXsdyiQTSArTZWLR",2,"btc",NA,NA,NA
"611","3KGXxjkMA6RaLQTj6FbefW8a5tHVaZxJ",2,"btc",NA,NA,NA
"612","3KTR4F26PVDXNHC2VEXSMKV3LQ",2,"btc",NA,NA,NA
"613","3MEh9J5sRvMfkWd4EWczrFr1iP3DBMcKk5",2,"btc",NA,NA,NA
"614","3MJDuJyBYfc4x9h4hUuNXGsEssM",2,"btc",NA,NA,NA
"615","3MS7GLZKRVGC5DJ3N76JDASGVY",2,"btc",NA,NA,NA
"616","3n3B71eYCnFQDsn2mMe1B26WrfYKtdWq",2,"btc",NA,NA,NA
"617","3NJjnd856kSQVpLAFSdSktjT35BojM65NU",2,"btc",NA,NA,NA
"618","3NQU45QXNbgC5Ke2G1iUAKBH12H1h3UmAu",2,"btc","0.05197044 BTC","$1,405.28",1405.28
"619","3PrwBcB35cuCz9GN6ZwesNA53bRPeCfsKa",2,"btc",NA,"$5,550.24",5550.24
"620","3QGqNfWHAKvEnHzD2xKsra3Mk2vQaeLc",2,"btc",NA,NA,NA
"621","3rPAoa4FreeVideoDocumentaire",2,"btc",NA,NA,NA
"622","3SYNUVD4RVFAXLJWWKN7DUZNSQ",2,"btc",NA,NA,NA
"623","3U4FQ5XZC5AN7CHVU4ZJZD2B6Y",2,"btc",NA,NA,NA
"624","3UqSP3Kyw5ohsmhoHuJdRcBUGoLoi5im",2,"btc",NA,NA,NA
"625","3vcjzvii7ngzbahrogc7qrntjy",2,"btc",NA,NA,NA
"626","3VgpKUuESZBPPbQ2uSiNVpRA45i7z8dE",2,"btc",NA,NA,NA
"627","3vNfimdM92fd82kG6TDVdNKCgK",2,"btc",NA,NA,NA
"628","3vx1i4jEmv7E4Pp2LNhrXq6oQggv3ANi",2,"btc",NA,NA,NA
"629","3wmqe4X8PosRjRK2823nS8Nf5nqxgaJb",2,"btc",NA,NA,NA
"630","3XRsCFkzGuyumpcCZ48PtB9xXAY4wY6C",2,"btc",NA,NA,NA
"631","3YGTZN4ACRCXTAKBZXMMKDFQGM",2,"btc",NA,NA,NA
"632","3Z8aXNc6ZBAkWQWNTFjMhjb7U9GjP184",2,"btc",NA,NA,NA
"633","3ZS66GXUBFDVPFJEY5EF3C5Z2E",2,"btc",NA,NA,NA
"634","bc177943d042",2,NA,NA,NA,NA
"635","bc1a44a660d4",2,NA,NA,NA,NA
"636","bc1c8c266ef4",2,NA,NA,NA,NA
"637","bc1q0l7243m6nlln4hhty6l9r8paw4v4k7kzn82hgm",2,"btc","0.00000000 BTC","$0.00",0
"638","bc1q74j29mrdtjv7tqnknuh3xz0tky50lhp70vxge0",2,"btc","0.00000000 BTC","$0.00",0
"639","bc1q75s5yyq26qeslrht6xf3l3paa2p997sxykrht4",2,"btc","0.00000000 BTC","$0.00",0
"640","bc1q7ch2ggv48adrpmsyqkz29d52czrt0dqx8xzr8q",2,"btc",NA,"$27,905.33",27905.33
"641","bc1q8a39pk0tdkdk8ydhrz2xl8c9l90evlzwgqnam4",2,"btc","2.74097839 BTC","$74,116.60",74116.6
"642","bc1q8ugpqsuaajdeqvezk3va9acqhl6yc02mhqk0ef",2,"btc","0.01124880 BTC","$304.17",304.17
"643","bc1qa5wkgaew2dkv56kfvj49j0av5nml45x9ek9hz6",2,"btc","69370.17884891 BTC","$1,875,783,510",1875783510
"644","bc1qd76ycy9mlxw3j30hhxdvfndaukzh9hwxs5040m",2,"btc","0.00000000 BTC","$0.00",0
"645","bc1qedegy9c7dmujpzuwy000dwc635hjgc2n9v97kf",2,"btc","0.00383416 BTC","$103.68",103.68
"646","bc1qhvhxrxadd7s2fsc4y5s40tedz95vqdugy0ey8z",2,"btc","0.09392159 BTC","$2,539.66",2539.66
"647","bc1ql4khwtgyz2h757l5dkm36an772pn39rknlxcnx",2,"btc","0.00589987 BTC","$159.53",159.53
"648","bc1ql7dlyh8xz6tpqk92vztrhqh88dmjvcwrmsemrm",2,"btc","0.07371841 BTC","$1,993.36",1993.36
"649","bc1qp5cs0c7qpt5qav9nyykzye57xr7hjujg5p984q",2,"btc","0.05062210 BTC","$1,368.82",1368.82
"650","bc1qq7gy682mc94lu4zxe03vyusvfy08uvzfma6zhx",2,"btc","0.00197292 BTC","$53.35",53.35
"651","bc1qqxl6qe7tzrllsmmafrn3d0rgaqwyq2fv3ufkv3",2,"btc","0.00005001 BTC","$1.35",1.35
"652","bc1qr0wqd99vlwvxz9c4axqhqshxspvsra6y6mysjz",2,"btc","0.00000000 BTC","$0.00",0
"653","bc1qsxdaq9ukp4ryy9pnrmcqk8gafaxqyfn00rv6he",2,"btc","0.00477615 BTC","$129.15",129.15
"654","bc1qtp7y9zkskht2adct3qgd5mlaega7lj6al5h9td",2,"btc","0.06457265 BTC","$1,746.06",1746.06
"655","bc1qxmu042hy6apku7gwca59t35s60vlhjfj9nekmq",2,"btc","0.02147064 BTC","$580.57",580.57
"656","bc1qy9qpsxrawkelyelwl0fn0s87499rz0e67wddfw",2,"btc","1.04258129 BTC","$28,191.61",28191.61
"657","bc1qyzdxsurhxd5z7hj7cmnw4456dep39sr7c9ejvr",2,"btc","0.00543820 BTC","$147.05",147.05
"658","0x000000000000d0151E748d25b766e77efe2A6c83",1,"eth","0.00 ETH","$0.00",0
"659","0x05A14a240E751eef6768b012962c8E48bF0C0868",1,"eth","0.00 ETH","$0.00",0
"660","0x062928D6E2599233649a3Ad47F585F000D0c6961",1,"eth","0.00 ETH","$0.00",0
"661","0x07eB2fCcaF6f4B478968924ad632F4B35638Be2B",1,"eth","0.00 ETH","$0.00",0
"662","0x0c6094051c986b082a67b82a163a046c9e44a11f",1,"eth","0.00 ETH","$0.00",0
"663","0x0d487953e81f4ea83590524a517dd729c23de6a7",1,"eth","0.00 ETH","$0.00",0
"664","0x0e385b49f5672e3e594f040c1668ae6fc1f82ea6",1,"eth","0.00 ETH","$0.00",0
"665","0x13e7006cf58857efd24ab1f5a90df2df07dfec5b",1,"eth","8.683204928749723138 ETH","$14,128.27",14128.27
"666","0x184BD594a5f06ABb86c75dFcCa588071dc11d6D0",1,"eth","24.66091130381929903 ETH","$40,125.28",40125.28
"667","0x1CB577a8B4A3eb14f75f1795948007710e48670b",1,"eth","0.00 ETH","$0.00",0
"668","0x1Db3367754c29032d9ed1A192A3fA7f9681cd4f8",1,"eth","0.00 ETH","$0.00",0
"669","0x1F40f6cFe873536998e302BfEe85484e09e12E3B",1,"eth","0.00 ETH","$0.00",0
"670","0x21221F5da5e70F46Bbfa755f89e312daDa51f115",1,"eth","0.387391541151911152 ETH","$630.34",630.34
"671","0x239124F21D3a6c26d5d6C689cC1Ea25918326FC2",1,"eth","0.00 ETH","$0.00",0
"672","0x23E1E9604296688b98133F234a08E61BF03e7D7B",1,"eth","0.093811507 ETH","$152.64",152.64
"673","0x28009881f0ffe85c90725b8b02be55773647c64a",1,"eth","0.00 ETH","$0.00",0
"674","0x2869C2bc6e8f7f6BDA72cdA2446B68753E67Af0E",1,"eth","26.081562222892412733 ETH","$42,438.09",42438.09
"675","0x2a152731c45b6fea0c4fd70ba719cdfb4364be1f",1,"eth","0.00 ETH","$0.00",0
"676","0x2b591e99afe9f32eaa6214f7b7629768c40eeb39",1,"eth","2.4M ETH","$3,858,598,008",3858598008
"677","0x3036412270dcE06DBBAFAE0D4943DaCF274b20D5",1,"eth","0.00 ETH","$0.00",0
"678","0x324c9cb3c1a7ba67f25684400d5ce8a76978f862",1,"eth","0.00 ETH","$0.00",0
"679","0x377B581957f447D2C56C08a0af23586c5a3B2577",1,"eth","0.25 ETH","$406.78",406.78
"680","0x378237EFDbeDB04b907F6561627bA2a18afac745",1,"eth","0.00 ETH","$0.00",0
"681","0x39d35717275a8d288763c3ed9a6c660fce59099f",1,"eth","0.00 ETH","$0.00",0
"682","0x3a9962e0296262efb2d3fbd5035c227d91a3eab1",1,"eth","8.145865257280064389 ETH","$13,254.38",13254.38
"683","0x3f79949A3336D1e5066DBad43F342917c941D5D4",1,"eth","0.00 ETH","$0.00",0
"684","0x42a3378b18fd7fcad416b5c02ad4c3ea64babe74",1,"eth","0.00 ETH","$0.00",0
"685","0x43930805dEBbF779fB8EDC8E43f988A8448Aad63",1,"eth","0.00 ETH","$0.00",0
"686","0x4B68D9F1293F11cC1D9eb8911844305d7969D630",1,"eth","0.00 ETH","$0.00",0
"687","0x4C5eb43C28161F2B10E429cABF4d5ba9fD3d251B",1,"eth","7.944222052814462514 ETH","$12,926.28",12926.28
"688","0x5155Db38aE3515651FD48515EF0954C88946a824",1,"eth","0.523204219338749919 ETH","$851.32",851.32
"689","0x51fc1e083f2bc035f08c15feb5638875884269fe",1,"eth","0.00 ETH","$0.00",0
"690","0x5dcf6288e985733DB94e7249Aa1BF095194129CC",1,"eth","1.150361294807695346 ETH","$1,871.79",1871.79
"691","0x5e7033fd210f8d7b3e87486ad989732c7943058b",1,"eth","0.820815751043583939 ETH","$1,335.57",1335.57
"692","0x5f11A676137471B8f859439C4aE90161E0376846",1,"eth","0.00 ETH","$0.00",0
"693","0x65dc1990dea997d057580c4a25fae29d08335386",1,"eth","0.00 ETH","$0.00",0
"694","0x699490a47693798d672842d8295153e093c634cd",1,"eth","0.00 ETH","$0.00",0
"695","0x739426f657580334753538a8101492be39e73a13",1,"eth","0.00 ETH","$0.00",0
"696","0x7473d5b74C0D2826644579B4C7ECD859B5143Dd9",1,"eth","0.009437588721762801 ETH","$15.36",15.36
"697","0x76A177b7cF23AFb052A4E9Bb800526d85669b253",1,"eth","0.00 ETH","$0.00",0
"698","0x76A797A59Ba2C17726896976B7B3747BfD1d220f",1,"eth","0.072180665605774129 ETH","$117.45",117.45
"699","0x7893092176a4D7f519d8D8a74C2b84FF298e1Ac3",1,"eth","0.00 ETH","$0.00",0
"700","0x7ee37f735e173dfca528cd7b1bc2a3c386038445",1,"eth","0.0115 ETH","$18.72",18.72
"701","0x81280c257345b8f38d6588b7b9756866836cebf7",1,"eth","0.00 ETH","$0.00",0
"702","0x81280C257345B8F38d6588b7B9756866836cEbF7",1,"eth","0.00 ETH","$0.00",0
"703","0x829Ceb00fC74bD087b1e50d31ec628a90894cD52",1,"eth","17.975667875796061027 ETH","$29,248.75",29248.75
"704","0x85f76fdcdd7dda966d0d9f2cc7e906a91c12e6a0",1,"eth","0.00 ETH","$0.00",0
"705","0x8b4b1545a0b68d9af148e4bcc99a89ca3662d60d",1,"eth","0.00 ETH","$0.00",0
"706","0x92b5123b675033914888d201ad348d1713304957",1,"eth","0.00 ETH","$0.00",0
"707","0x9631388ccf22cb97b5d29d9bd38e514b8e7d769a",1,"eth","0.00 ETH","$0.00",0
"708","0x997D4c7d8499e18082dCc46B9488C848bf17Ac30",1,"eth","0.00 ETH","$0.00",0
"709","0x9e97f43cde487c2353b55bd3fea48aacce2242a5",1,"eth","0.00 ETH","$0.00",0
"710","0xa1f937d7b60d31a22acd59334d3874022af22083",1,"eth","0.00 ETH","$0.00",0
"711","0xa395c67F415DacD2Bb40B7DcAAFd2E8B7c39eCe7",1,"eth","0.025 ETH","$40.69",40.69
"712","0xa58950f05fea2277d2608748412bf9f802ea4901",1,"eth","0.166277435385915231 ETH","$270.66",270.66
"713","0xa621A54897991f940A6A49B012fCd5404166c1f5",1,"eth","0.084934610349463264 ETH","$138.20",138.2
"714","0xa7933accf9aDa566eAcaef8C44F079e62Ad19064",1,"eth","0.00 ETH","$0.00",0
"715","0xaA6CF60c44078d4D16f7C57C743c3e88A843cFbb",1,"eth","0.180322396152017699 ETH","$293.41",293.41
"716","0xaeD5D0c25EC30283DAE4ba512dd249d468323660",1,"eth","0.1 ETH","$162.78",162.78
"717","0xaFaBa30769374EA0F971300dE79c62Bf94B464d5",1,"eth","164.671229276965147279 ETH","$267,941",267941
"718","0xb1C95AC257029D11F3f64ac67b2307A426699322",1,"eth","24179.261189833685091517 ETH","$39,358,759",39358759
"719","0xb5218bc137226cc59ec8d1cb2af308018dbe3274",1,"eth","0.00 ETH","$0.00",0
"720","0xB551E3E62b14674C8dD6b0B173AC23D4e98Cb791",1,"eth","0.00 ETH","$0.00",0
"721","0xbb994e80e2edc45dce9065bda73adc7e9337b64f",1,"eth","0.00 ETH","$0.00",0
"722","0xbD1a85bcfBE0234ad182bdEaB5aC41E9727473BC",1,"eth","0.15880703 ETH","$258.40",258.4
"723","0xBE0eB53F46cd790Cd13851d5EFf43D12404d33E8",1,"eth","6.8M ETH","$10,991,715,355",10991715355
"724","0xbe60d0a37ebde6f4ad22ceb311a28b3c53efe4e5",1,"eth","0.00 ETH","$0.00",0
"725","0xc2CBC667164F1d95f9A71D9E18582294B01d927f",1,"eth","0.00 ETH","$0.00",0
"726","0xC5A62c97E082c17DfFCfF352B66cfb892cAD10a1",1,"eth","0.35512384371309 ETH","$578.07",578.07
"727","0xc80a92ab87573cf606db88b42463ab14b26f3773",1,"eth","2.76164312 ETH","$4,495.62",4495.62
"728","0xc8f87f73d27f022270fe2241e75a3521d36f4150",1,"eth","0.00 ETH","$0.00",0
"729","0xc9cca310d29bb3393b4b32f48f34c94358472724",1,"eth","0.00 ETH","$0.00",0
"730","0xcde0b1A5D428247ae4bcBdC35d5E2c7A39c0993f",1,"eth","0.00 ETH","$0.00",0
"731","0xd07dc4262bcdbf85190c01c996b4c06a461d2430",1,"eth","0.00 ETH","$0.00",0
"732","0xD70eC65A261f31A57Ae726440d336eCEA60AAf0c",1,"eth","0.00 ETH","$0.00",0
"733","0xD7bDAA96275CCDf8D0fb2750dD75A8c67B479611",1,"eth","7.071257126695093468 ETH","$11,511.16",11511.16
"734","0xdC56BCccf3fa51687f339E2425E9Bc1a2acB42Ee",1,"eth","2.165954586872114292 ETH","$3,525.91",3525.91
"735","0xdc6cbc0983dc0d95e331342a487472bd2a087a68",1,"eth","27.185827132480362276 ETH","$44,255.26",44255.26
"736","0xde6b6090d32eb3eeae95453ed14358819ea30d33",1,"eth","421.625 ETH","$686,354",686354
"737","0xDed7d178d8abf77B95AAbEf66f2D733c3Cdd75f6",1,"eth","0.00 ETH","$0.00",0
"738","0xe1935271D1993434A1a59fE08f24891Dc5F398Cd",1,"eth","486.067492655143639623 ETH","$791,215",791215
"739","0xe20dc2Dd314Db3BB0E4501691D5FF664EaF23bc4",1,"eth","0.00 ETH","$0.00",0
"740","0xe32097E4D68a6C4DD488478eFc70Dc169D32ac90",1,"eth","0.0182 ETH","$29.63",29.63
"741","0xe36AcE1c0FEA57Ac58eC8003e13Cd850B41E0a63",1,"eth","2.343938752681634218 ETH","$3,815.65",3815.65
"742","0xe6ce5B3a1794d9dCD5c4119EB438D798b9CC952a",1,"eth","0.00 ETH","$0.00",0
"743","0xE833dC9b5A21daBC3ed8559858Caa92279aC54Dc",1,"eth","0.00 ETH","$0.00",0
"744","0xE90c74145245B498fef924fAdC7bb34253c7cF90",1,"eth","0.00 ETH","$0.00",0
"745","0xe9c803f48dffe50180bd5b01dc04da939e3445fc",1,"eth","0.56703587009718477 ETH","$923.07",923.07
"746","0xeb606fa8839eae02ca309949cf1e77227cbb9023",1,"eth","11.714403819848459543 ETH","$19,069.64",19069.64
"747","0xed111Cf8C23AEafe12286Fd60EE670007457Bf87",1,"eth","0.009 ETH","$14.65",14.65
"748","0xf15C0f423Dc56c9507e912f2DC7661758ca7De7e",1,"eth","0.00 ETH","$0.00",0
"749","0xF196c376481378F378CF23b6462254A7d1BD3006",1,"eth","0.13933547 ETH","$226.82",226.82
"750","0xf4233facd4d173bf9d92e482736cd4e8e5fb4b32",1,"eth","0.00 ETH","$0.00",0
"751","0xf483af09917ba63f1e274056978036d266eb56e6",1,"eth","0.00 ETH","$0.00",0
"752","0xF92729aAA36310D8A73281D043CA4B1d914Bc7C4",1,"eth","0.00 ETH","$0.00",0
"753","0xFC6D3ae36BeB6E8F823cbA6B636266811AC0CB72",1,"eth","0.03169652 ETH","$51.60",51.6
"754","0xff60a4ef741a1f7d368d5ac6b50d17209c81505e",1,"eth","0.00 ETH","$0.00",0
"755","0xfF60a4Ef741a1f7d368D5AC6b50D17209C81505e",1,"eth","0.00 ETH","$0.00",0
"756","11111111111111111111111111",1,"btc",NA,NA,NA
"757","11111111111111111111111111111",1,"btc",NA,NA,NA
"758","111AnniversaireAttentatTitanic",1,"btc",NA,NA,NA
"759","11432d4e91fd43e6e83a44da3afc3efd",1,"btc",NA,NA,NA
"760","1154984ce4a745f191a37affe6a19438",1,"btc",NA,NA,NA
"761","116ae1dd63e14fcc8299ed4486da32fb",1,"btc",NA,NA,NA
"762","116ccdd5ba2f7e38e4168c12c37d7f17",1,"btc",NA,NA,NA
"763","1182d7f38a324bedb2d64bd9e75e1cba",1,"btc",NA,NA,NA
"764","1199161fcffYNxYnCMfYNxZs1TffMHwwf",1,"btc",NA,NA,NA
"765","119eacfc993491b4b66a117ddfe91696",1,"btc",NA,NA,NA
"766","11dd6567fdb368817c433787c6d67ec6",1,"btc",NA,NA,NA
"767","11ed19a67bbc43b58b9d4eaf7b3736fd",1,"btc",NA,NA,NA
"768","11eea62719154379b4375c9b172aaf2f",1,"btc",NA,NA,NA
"769","11f3a2a45a23a4c969e9a25171aab6bc",1,"btc",NA,NA,NA
"770","11M3bCGAazj7vdyas7rUAxco6p63ftJJ",1,"btc",NA,NA,NA
"771","1219a27b17d7421a28d342a4983e45bd",1,"btc",NA,NA,NA
"772","121fe27b2cbb4b41b3f14b716ad454ed",1,"btc",NA,NA,NA
"773","127dc83392a224176a69ece6faa5a6",1,"btc",NA,NA,NA
"774","12944316bbbc4f43a15ecc877df1beed",1,"btc",NA,NA,NA
"775","12ba1c2a1c8544159da71beb75e786fc",1,"btc",NA,NA,NA
"776","12e1587ead32348536b3ce9ddb778a78",1,"btc",NA,NA,NA
"777","1369c3b459ac75d3b452d1248f976893",1,"btc",NA,NA,NA
"778","1377c13eb9a5427fe464651c536b2512",1,"btc",NA,NA,NA
"779","137iMHLfUGfNux5KGLqfGgw4UVhyG7ub",1,"btc",NA,NA,NA
"780","13aEv1f1zDGByJAMBoB42nuLAL6pQvBg",1,"btc",NA,NA,NA
"781","13d5dd4f4faeee1b5f15c5693a3f79c5",1,"btc",NA,NA,NA
"782","13G3hvPYujJHEa59WSuKd8ZT77omfCYaL",1,"btc",NA,NA,NA
"783","13gkbz87hxhv51jo5srtbh5pdt",1,"btc",NA,NA,NA
"784","13MKJWQLNUjTZJoTnBthtrkjJCLkUzNG",1,"btc",NA,NA,NA
"785","13VSBof1QkAteTspFMH18k3ctnZghyT5L",1,"btc",NA,NA,NA
"786","13xjRQgvbubgqRJ4sUR2tR2XoRU6KsEw",1,"btc",NA,NA,NA
"787","1414e2c776c7b7f9a5672cd8181aba8e",1,"btc",NA,NA,NA
"788","1447ff3abeda61af14c6644799eeb68c",1,"btc",NA,NA,NA
"789","1469618662f642cdcfe48c4fe9bca472",1,"btc",NA,NA,NA
"790","14748a8b818d27383477b8f415d4d1c9",1,"btc",NA,NA,NA
"791","14761edc288ea39338c9bb175b972594",1,"btc",NA,NA,NA
"792","14859b46dd1a4fd7a74623c83faabce9",1,"btc",NA,NA,NA
"793","14c3937771584e3297bc26bb6a6cff71",1,"btc",NA,NA,NA
"794","14d9f1da9da249de82fad3b559b8c6be",1,"btc",NA,NA,NA
"795","14fe7477538bdef33bf861a79e5d9ee1",1,"btc",NA,NA,NA
"796","14FKfpefu3Jawc69LzoatyoZafpdiER",1,"btc",NA,NA,NA
"797","14GcS27wjPwBVQLACzcFeZvDgCvhpbJiX",1,"btc",NA,NA,NA
"798","14q1siqxioveq1e4n9zsbyd1kh",1,"btc",NA,NA,NA
"799","14R9nnN5RcXxRgGhBZo4FFqskHVMJajpPQ",1,"btc","0.02213249 BTC","$598.75",598.75
"800","15163c14ce9e9c8387bf4c8f7a5c8eec",1,"btc",NA,NA,NA
"801","1527e4c8db764e199dbb2f61a47654fa",1,"btc",NA,NA,NA
"802","1582a83fd3db4c1aa1736b28d7fda4cf",1,"btc",NA,NA,NA
"803","158d94a1e11341a8ab75e7f586c59583",1,"btc",NA,NA,NA
"804","159f46ebe84a4af3d9d19af446af2fe1",1,"btc",NA,NA,NA
"805","159h3RBtKaXevxdT2rtiBt9VciAZPBbhDS",1,"btc","0.14759983 BTC","$3,993.01",3993.01
"806","15b29fbfb6e1d15d7a26857412c425",1,"btc",NA,NA,NA
"807","15d55ff8ef17d8585a482619ac4d114b",1,"btc",NA,NA,NA
"808","15RPYz6VYHkVrrqAxzLmXmT7RPYsrdGF5o",1,"btc",NA,"$34.45",34.45
"809","1623b12bdfdd49dabdd1e7b9bbe3eb27",1,"btc",NA,NA,NA
"810","162a3eadb8b6b2e4e541c5bd1d6c8e46",1,"btc",NA,NA,NA
"811","163b7986efbb4668c26ebbb8fd3a3d4c",1,"btc",NA,NA,NA
"812","1652183d1d6b3f336797b8f76eadc2",1,"btc",NA,NA,NA
"813","169a8524a5618d1186d32715289fb6dc",1,"btc",NA,NA,NA
"814","16a3a92ef7f63dce75722fed28becd",1,"btc",NA,NA,NA
"815","16c639da648b4441a6479611e6c32a8a",1,"btc",NA,NA,NA
"816","16Cpqk1WbuHYRsvshxqAqJWSnwZMtv",1,"btc",NA,NA,NA
"817","16e98e7f96154ad5982d2464a818c598",1,"btc",NA,NA,NA
"818","16januariTwitterdemonstratie",1,"btc",NA,NA,NA
"819","16JvQ9vPCfEQsKgSqhURPAUGkp3nMB7o9",1,"btc",NA,NA,NA
"820","16R8EGnpE3BkY1ENpShvBxycn8uzRxrzn",1,"btc",NA,NA,NA
"821","1717171717171717171717171717171717",1,"btc",NA,NA,NA
"822","1735d32c2e97bedd392c981cb3cc1fb2",1,"btc",NA,NA,NA
"823","1743ae5f16b54bd6dcdc9ac544df4a5d",1,"btc",NA,NA,NA
"824","1764e27129f546e5ad5dff79d3d267db",1,"btc",NA,NA,NA
"825","179JpNxvKcVFMEpNhUzAULMQE7oSCeL7P",1,"btc",NA,NA,NA
"826","17a86f74572eead893dbe99d68879c3b",1,"btc",NA,NA,NA
"827","17bde558942c4614bc888b79e39c7a4e",1,"btc",NA,NA,NA
"828","17c51141e6ea6323cae7dc78fa1c27c3",1,"btc",NA,NA,NA
"829","17Q1fxNEyRtn5Sith5Exe3r8HEKhJhrHf",1,"btc",NA,NA,NA
"830","17WMZsWwFbYXUgnWee3wPqLhieuLN",1,"btc",NA,NA,NA
"831","181QVAnrRkAF3zFfg47ZAE4tCNYjwgW7qc",1,"btc","0.61514693 BTC","$16,640.74",16640.74
"832","182e8c1469786a6e31d3d7194b19db",1,"btc",NA,NA,NA
"833","183e7da84b3f4c1781c462a3f4e1f933",1,"btc",NA,NA,NA
"834","1842c828f269caf7d385186af8eaf8ff",1,"btc",NA,NA,NA
"835","1853b1e558ede8a377fa9c7585b64869",1,"btc",NA,NA,NA
"836","186e7a811c3c713c85d12d792b7e2ac9",1,"btc",NA,NA,NA
"837","1876c9bb745a4429a46f83bb677d2dad",1,"btc",NA,NA,NA
"838","189a9115b7c31cb1dbad5febfb778fa6",1,"btc",NA,NA,NA
"839","18a994389d61417b872b2a82e3885276",1,"btc",NA,NA,NA
"840","18ad939d9fb5d59cc1cdb7878526937c",1,"btc",NA,NA,NA
"841","18bfc91e63f3f71d7bc682c745bb6a5e",1,"btc",NA,NA,NA
"842","18cymf5jMYYpkDXDqwor6mWUk2BCtLvG9V",1,"btc",NA,"$212,213",212213
"843","18DYGbH1nupjUHFvAw4Bajz2P2MW2PX8t1",1,"btc",NA,NA,NA
"844","18FkreW2eyg9FFfpXDkhQrjNE5syhAAai",1,"btc",NA,NA,NA
"845","19117d4265f5d564256ea7fe75854aa6",1,"btc",NA,NA,NA
"846","192a6d2f3bb59dad24bce326c4b5d959",1,"btc",NA,NA,NA
"847","1935be159974a23228b73f257616b1a4",1,"btc",NA,NA,NA
"848","1979MovieFreemasonsExposed",1,"btc",NA,NA,NA
"849","1988b9d62fce434db62cf28549e24277",1,"btc",NA,NA,NA
"850","19b439c251fe42cdb39924179c24accf",1,"btc",NA,NA,NA
"851","19b93663f8c74e6494cc472c8845b4d4",1,"btc",NA,NA,NA
"852","19Bundesgesundheitsminister",1,"btc",NA,NA,NA
"853","19c1851dee1be8f4b943c5f366b453a5",1,"btc",NA,NA,NA
"854","19e43295c76d4d249aa51c9f643eb377",1,"btc",NA,NA,NA
"855","19fb874ef41a4821b7bc7af5ae1cabb9",1,"btc",NA,NA,NA
"856","19FGaLTTpsm7jraKKa4crPbqLi3LrFD",1,"btc",NA,NA,NA
"857","19Q8oDiu2ZAr7DfL18oUQiVWaUvNriPCeU",1,"btc","2.91556879 BTC","$78,863.07",78863.07
"858","1a3f62fba196caada21d6f6d31e435",1,"btc",NA,NA,NA
"859","1a697a4f56444135bcd22ed8ac77ed2d",1,"btc",NA,NA,NA
"860","1a81f6c4fb875fd8999ee3512646ffc9",1,"btc",NA,NA,NA
"861","1a85c92b22834c9dba1afcf83cf33261",1,"btc",NA,NA,NA
"862","1aa4df1cfb13e66451d66e662d5cd482",1,"btc",NA,NA,NA
"863","1aae3fe47328ada3b6a3d369675877df",1,"btc",NA,NA,NA
"864","1ab8647371dced38b8ec3d8c94a5fc",1,"btc",NA,NA,NA
"865","1ab94fed63d64533de3e5737b463efa8",1,"btc",NA,NA,NA
"866","1ae61e69a46747f2932c92f7a86e3cda",1,"btc",NA,NA,NA
"867","1AJerMx3CMQDbSWLMxzssQSYmgC7WDVUkb",1,"btc","0.22117865 BTC","$5,982.65",5982.65
"868","1ARdHNrMYueeEDjB7LTU5D9CM3X42FgLb",1,"btc",NA,NA,NA
"869","1asx32dtz4hmvhu8q9j9angip3k1kpx",1,"btc",NA,NA,NA
"870","1b1ggg97u8ZNMXxXvvrGjrQXYVXARSA",1,"btc",NA,NA,NA
"871","1b2213f7f24347dcaa24ec9f6397b776",1,"btc",NA,NA,NA
"872","1b417be36cddfac2874c14512497f8",1,"btc",NA,NA,NA
"873","1b8882646d966ab29f98656548afa14d",1,"btc",NA,NA,NA
"874","1BaUjKT1W9EAPjV1RVi8z9GQda9ZtR6Ysc",1,"btc","0.00887044 BTC","$239.94",239.94
"875","1bb11cd2773641d483d1fe92dbd8fafe",1,"btc",NA,NA,NA
"876","1bb33285cb658a48a1711ec28bae289c",1,"btc",NA,NA,NA
"877","1bc3pE92eLcRz8dZsQFsEpRHwjYj4LnSj",1,"btc","0.00360523 BTC","$97.52",97.52
"878","1bed463888d943e4954452374247b82c",1,"btc",NA,NA,NA
"879","1bsq7cq4jahin4wmss9qweirtjpcec",1,"btc",NA,NA,NA
"880","1BTxXEo3XUxGfaDjeMpNpVtWM1FS6dARwU",1,"btc","0.00000000 BTC","$0.00",0
"881","1Bug5ESC48nJa7rNWSRZDAoPY68Weir5T",1,"btc",NA,NA,NA
"882","1byN77Cob5rS2wak26WjdxqmdQpborbpR",1,"btc",NA,NA,NA
"883","1c1722e81ad74ebfdba37bf8943d1793",1,"btc",NA,NA,NA
"884","1c271e214f3a22883b8e352bf615935f",1,"btc",NA,NA,NA
"885","1c3D4RtVYXAKHUJtm67VPAvqw3TprD9UV",1,"btc",NA,NA,NA
"886","1c68be41c783b61bf95763a2fa68c875",1,"btc",NA,NA,NA
"887","1c742beeb47247558a9dc52fe8af3a4d",1,"btc",NA,NA,NA
"888","1c7caf33ced3db9ea7f4a81e5e114fb8",1,"btc",NA,NA,NA
"889","1ca3d2ec58e76bbda27a5f726367bb1e",1,"btc",NA,NA,NA
"890","1cad4ea892ef4d5d5e76f2ea445c461e",1,"btc",NA,NA,NA
"891","1cb12b1112a4542dde48c962762be3cc",1,"btc",NA,NA,NA
"892","1cb18b3e2af75a8cf35f861a849d6f53",1,"btc",NA,NA,NA
"893","1cDcaMg8XmBwL9euvEMRVrYqPybaJtzfe",1,"btc",NA,NA,NA
"894","1ce168e2b642488eb3eb245f96e5bcb4",1,"btc",NA,NA,NA
"895","1ce937954ac598acf9f6966575cb6edd",1,"btc",NA,NA,NA
"896","1cec97b1c54747cc984555bbe9eb9819",1,"btc",NA,NA,NA
"897","1cff9babca134e36addef45b9bdae44a",1,"btc",NA,NA,NA
"898","1cZcNiK4DG3ZFvdwXMRiZSVQ163VpT7ri",1,"btc",NA,NA,NA
"899","1d3e632cbc8d42ac91b822934d6aa6",1,"btc",NA,NA,NA
"900","1d4b112d2fe8cb66192c5225f4d614c4",1,"btc",NA,NA,NA
"901","1d64815feb92b2d5a81324971fa96547",1,"btc",NA,NA,NA
"902","1d6d1aaea53d4fbb97da396ff2815299",1,"btc",NA,NA,NA
"903","1d7916cf6e48b7a231b894ef9cda1a19",1,"btc",NA,NA,NA
"904","1dc32d753e839a2c1871db3bb47a3e2f",1,"btc",NA,NA,NA
"905","1dd14b59f7b34eda9e71bd8dd2f3f54d",1,"btc",NA,NA,NA
"906","1dd4b1d3cece83156719e3e6a8521c82",1,"btc",NA,NA,NA
"907","1dda29b26671a6375176154861f3f1ee",1,"btc",NA,NA,NA
"908","1DDcDc2A6pRvvHPFg4m8aD6a7s6gcdEYV",1,"btc",NA,NA,NA
"909","1dWUiboM6bQuBcEDYahfsQXb5nx",1,"btc",NA,NA,NA
"910","1e2ffe6bfc19216437bef5e86325dd74",1,"btc",NA,NA,NA
"911","1e43ec592aeb9fcd58a492999c682663",1,"btc",NA,NA,NA
"912","1e6b8bbfc41c33cb8a4cb9c3e19937e4",1,"btc",NA,NA,NA
"913","1E6D1333756545A68E16F4361F8B5A",1,"btc",NA,NA,NA
"914","1e99c655a5a21b2c7fdc8e6fbb23afa2",1,"btc",NA,NA,NA
"915","1e9ede98e9feb4b3ad7435a2b2449841",1,"btc",NA,NA,NA
"916","1Ebx8JZ3u3aYKngDUbdTf1VoMH6hYQBtyb",1,"btc","0.09061869 BTC","$2,452.42",2452.42
"917","1ec67416e526368178feb5b129c8d627",1,"btc",NA,NA,NA
"918","1ecee913bac424c9a1c135699d449f78",1,"btc",NA,NA,NA
"919","1edcde6e2b7ede592477c1a81d373cf3",1,"btc",NA,NA,NA
"920","1ee6e6a6323d8a618529d564c219d8ec",1,"btc",NA,NA,NA
"921","1ee84473ff2cabd2149e8e12d9c3db6f",1,"btc",NA,NA,NA
"922","1eebf122c25d3b3dc6f3a5447eaaf4e2",1,"btc",NA,NA,NA
"923","1EEcHmdRgxs1ZwtVDrRpiz7D8Yy99AW4C",1,"btc",NA,NA,NA
"924","1EeXuSdubBijZbCHEgfnq1KfsRmZDyQQwR",1,"btc","0.00000000 BTC","$0.00",0
"925","1ErrQT2n5bZWdAsZT6mqdzxqFJuTH2tD49",1,"btc","0.01042300 BTC","$282.17",282.17
"926","1etzteGSSwpw3iLoywhrN2WofRAnJxw88",1,"btc","0.04142901 BTC","$1,121.42",1121.42
"927","1EUK7uiNwPiSE89NUeT8S4ikKNUA",1,"btc",NA,NA,NA
"928","1EWAxRJdHjSQKMdv2wHdfW73YubQ2pUVv",1,"btc",NA,NA,NA
"929","1f2f24t91p83Tieyn3Ahf8Sw71d81c",1,"btc",NA,NA,NA
"930","1f2f4f9386814db5f1746eca7b52f424",1,"btc",NA,NA,NA
"931","1f4db7bafd8945779b4fa7e3d1d19dff",1,"btc",NA,NA,NA
"932","1f51bc4d313f4e179299fbf5e736ea",1,"btc",NA,NA,NA
"933","1f6cugihm7g4YSEMzKrLrvacJ1m51c",1,"btc",NA,NA,NA
"934","1f7d94pfstgqRTUVHyfzJtWtJ1nv1c",1,"btc",NA,NA,NA
"935","1f89c1d4737248ac87eea7361848752b",1,"btc",NA,NA,NA
"936","1f8bpuocji84eXLZKSwNc7cXU1o71c",1,"btc",NA,NA,NA
"937","1f8qretekro5Hggp6BFzXpjfg1ai1c",1,"btc",NA,NA,NA
"938","1f93b439177cf7b237d7a335a85b37a9",1,"btc",NA,NA,NA
"939","1f96opevsi86d7QNocZGj6jde1rb1c",1,"btc",NA,NA,NA
"940","1F9998C4CADD2E149841FFF7FBBFE945",1,"btc",NA,NA,NA
"941","1f9cd98r1gg6595tNMgC3vBzh13m1c",1,"btc",NA,NA,NA
"942","1f9fbe2da7d944de8d5367e13848579e",1,"btc",NA,NA,NA
"943","1f9pivqv6hg9vwNBTb96ksdmp1gi1c",1,"btc",NA,NA,NA
"944","1f9q4gs8bio5zAKketZqHUas91gi1c",1,"btc",NA,NA,NA
"945","1f9tvo3j8pg5Re4cjCjypYmFj1cm1c",1,"btc",NA,NA,NA
"946","1fadgahpcho4Xv3BjpYAYxnjE1eo1c",1,"btc",NA,NA,NA
"947","1faicobqig87CJgSoQja7bKVf1r81c",1,"btc",NA,NA,NA
"948","1fb2ad125go17JUM1LHwjcQbD1bo1c",1,"btc",NA,NA,NA
"949","1fbbb7khdag43YHKssuozxjY51g91c",1,"btc",NA,NA,NA
"950","1fbm3s4kgk84Hgf7ax6kHYa9E1av1c",1,"btc",NA,NA,NA
"951","1fbn4q9f7fg2TS8ApBX7NLzVX1991c",1,"btc",NA,NA,NA
"952","1fbn5dd792g7wkfRwNenZ9XQe1b31c",1,"btc",NA,NA,NA
"953","1fbns3em3fg1rayYhjLCMbhrS1io1c",1,"btc",NA,NA,NA
"954","1fbsganoecq4ZxPHntCZTR5j11ra1c",1,"btc",NA,NA,NA
"955","1fc6f8a95bc99359a2e527c28d333f51",1,"btc",NA,NA,NA
"956","1fc7bivj4rj4ZkEPPZbGqGxyf1981c",1,"btc",NA,NA,NA
"957","1fce9me8j252rKHsnJEZxsibR11r1c",1,"btc",NA,NA,NA
"958","1fcmebk6g653J5zzHXXNGNLzB1t51c",1,"btc",NA,NA,NA
"959","1fcq1d3857339Eg4eYrUNeZg51ri1c",1,"btc",NA,NA,NA
"960","1fd4969464d7426dda5e9b355a6dfd18",1,"btc",NA,NA,NA
"961","1fd59hi8asf4ZDzWSzpqWqh9H17u1c",1,"btc",NA,NA,NA
"962","1fd5maq59t741sWEJSKE6dhcS1d41c",1,"btc",NA,NA,NA
"963","1fdiij9a4bp6nUBFpm2gM8S1D1fa1c",1,"btc",NA,NA,NA
"964","1fdms3hrdjb2ezgBUuRS4Lnk71n51c",1,"btc",NA,NA,NA
"965","1fe17f929rj7KoTd6BxVS9Ew812d1c",1,"btc",NA,NA,NA
"966","1fe247aee75c44f682785bfcab767874",1,"btc",NA,NA,NA
"967","1fe52m85b9p2aqRhRGd8jL4Kx1et1c",1,"btc",NA,NA,NA
"968","1fen3a229jn4HqqA5qrR4G7sg1og1c",1,"btc",NA,NA,NA
"969","1fep39q5ib528Jt8gFWj54B4L17d1c",1,"btc",NA,NA,NA
"970","1feq2igfgai4YdmtoEdCUJCtT1961c",1,"btc",NA,NA,NA
"971","1fetk1op35p6PATQsrWMdJg5v1hg1c",1,"btc",NA,NA,NA
"972","1feu8n5e6tc7N2qWQQbvyGE711cm1c",1,"btc",NA,NA,NA
"973","1ff15vov2ho2ZiqsXFcujF6ak1jo1c",1,"btc",NA,NA,NA
"974","1ff2697edeebdfce5872516f115dec8b",1,"btc",NA,NA,NA
"975","1ff4v3942pn2a88CAZFM76kEM1ja1c",1,"btc",NA,NA,NA
"976","1ff53j6dcii4wfEPLaAy3udi81r51c",1,"btc",NA,NA,NA
"977","1ff7n2653ft3FE2BcZqf5VFSm1tg1c",1,"btc",NA,NA,NA
"978","1ffajb6r3v54nZXSaFee9VhME1cf1c",1,"btc",NA,NA,NA
"979","1ffb15f757644e1b95c48f7e676933de",1,"btc",NA,NA,NA
"980","1ffd5cjoc9fNJefyETR3Y6k6E1qe1c",1,"btc",NA,NA,NA
"981","1ffn9ua711v5SMergHAgf22cB1ca1c",1,"btc",NA,NA,NA
"982","1ffpvngqbpsVTFsm4deX7votc13t1c",1,"btc",NA,NA,NA
"983","1ffqf531o9r58C6PyvtyPTZVj1ce1c",1,"btc",NA,NA,NA
"984","1ffu3pb838h2bNceK6qx39t1n1dc1c",1,"btc",NA,NA,NA
"985","1ffu5rd23ad1YXgooWx6yzK4n1vb1c",1,"btc",NA,NA,NA
"986","1ffu72vjc4e2gWBudkCs4aToV13e1c",1,"btc",NA,NA,NA
"987","1ffvhvas6t91xMpzqKtRGcFZY1jm1c",1,"btc",NA,NA,NA
"988","1fgb8ueb9v71ZkXcfyXPNRjxu1dk1c",1,"btc",NA,NA,NA
"989","1fgc4vtb84g7LVmjqBS7hL5ZE1ak1c",1,"btc",NA,NA,NA
"990","1fgcqg4u6dm71Et2t1m9egmbH1eb1c",1,"btc",NA,NA,NA
"991","1fgdn86n61dNzywqcuSkU1eAH1gk1c",1,"btc",NA,NA,NA
"992","1fgerrc99817GxC5zWSFP4GPa1h31c",1,"btc",NA,NA,NA
"993","1fgf647nncc6r357CDeFm4fve1g61c",1,"btc",NA,NA,NA
"994","1fgghaves2p54df5Kj6DBmUvi1fp1c",1,"btc",NA,NA,NA
"995","1fgh35ir41pTH6jNtDrziPgaF1u11c",1,"btc",NA,NA,NA
"996","1fgnfmg9g5e2dzX7SCm9kYZFi1ke1c",1,"btc",NA,NA,NA
"997","1fgru7o7ojg6zWqgmXREKy4sS1tn1c",1,"btc",NA,NA,NA
"998","1fh3au8u13cgGa7nMCHVRegQa1qb1c",1,"btc",NA,NA,NA
"999","1fh3d91i74j6Y7SZY7zRS9XwA1491c",1,"btc",NA,NA,NA
"1000","1fh5bnvrgtc1G7Nk15SN2CJxj1pd1c",1,"btc",NA,NA,NA
"1001","1fhc512qj5a26mA282G6EcRM317r1c",1,"btc",NA,NA,NA
"1002","1fhkjve28rr6GRgV6bSdeyUC51ca1c",1,"btc",NA,NA,NA
"1003","1fhn4tjjbb55TrqBQxUHBDc2a1fa1c",1,"btc",NA,NA,NA
"1004","1fho4o7n8kc6TH2LxFmu6koeo14q1c",1,"btc",NA,NA,NA
"1005","1fhtqmv27eu3TVpH9tfkM7LLC1m31c",1,"btc",NA,NA,NA
"1006","1fhuns3b72i6J8yqu67uNDcEk1341c",1,"btc",NA,NA,NA
"1007","1fhvjqq1fqgziLEXz8Y3FpkZ21at1c",1,"btc",NA,NA,NA
"1008","1fi5jva6nv82P52Sp4LT9RBBk1aq1c",1,"btc",NA,NA,NA
"1009","1fiin2unng62Dyj5d5gWLWUjT1tc1c",1,"btc",NA,NA,NA
"1010","1fis4b15pie2f3QZArtZoNqYq1m91c",1,"btc",NA,NA,NA
"1011","1fj4u1fueu46TPq3ijqrdq5Ep1371c",1,"btc",NA,NA,NA
"1012","1fj6uc743bc3i1Mo9oBcdbMhv1rf1c",1,"btc",NA,NA,NA
"1013","1fj8bk6gk4g6oWsmXDrE3zNRx16q1c",1,"btc",NA,NA,NA
"1014","1fjctvdc471271qMuxqCj96n11sj1c",1,"btc",NA,NA,NA
"1015","1fjemtq97bs1GwFYbQKgTncVX14s1c",1,"btc",NA,NA,NA
"1016","1fjjidhb4qt4SzUeUwLnKB4LB18t1c",1,"btc",NA,NA,NA
"1017","1fjjn99ee4t1eQQ18cwHRCKQd1p11c",1,"btc",NA,NA,NA
"1018","1fjk6nffvgs5vQ9GvXaDNnqwS1fi1c",1,"btc",NA,NA,NA
"1019","1fjme2e9jrm7MkiVH3XcUFEdT1q11c",1,"btc",NA,NA,NA
"1020","1fjmvag55icDfpBdvwyELTiEh1dj1c",1,"btc",NA,NA,NA
"1021","1fka8mqpppj1nceQf2zx3xJhP18b1c",1,"btc",NA,NA,NA
"1022","1fkcq6imb8a53MQ3VVnV7wE4P1rp1c",1,"btc",NA,NA,NA
"1023","1fkt3vkjjrm5ufoLZGAKLcoVM18p1c",1,"btc",NA,NA,NA
"1024","1fn9tcnrgr83qoFxoCiPC6vSR1pa1c",1,"btc",NA,NA,NA
"1025","1fnitc9riborp8wX5WxbnZ7pf1h91c",1,"btc",NA,NA,NA
"1026","1FoPX3ZzBic6uVQmQdNGphYbyhERxpiUkt",1,"btc","0.00000000 BTC","$0.00",0
"1027","1fpgh6r5ot616atf2Ta2fH2JG1fb1c",1,"btc",NA,NA,NA
"1028","1fq1r4a2ngt6ga87a1xAGWNNb1j41c",1,"btc",NA,NA,NA
"1029","1fqf4s1k37n1jkhU9gBq2preK1151c",1,"btc",NA,NA,NA
"1030","1GBsbonfW11ktaAAPXXPwobVYodx2znZ8",1,"btc",NA,NA,NA
"1031","1hfhFCZMgUrCQjttwT8mR68ayuPp2doap",1,"btc",NA,NA,NA
"1032","1HgpitaWpjqJv9r9wTo1rjtY2DXL9DgA2Q",1,"btc","0.00807472 BTC","$218.91",218.91
"1033","1iGrMg9pdg9Q41z2eYwkhe8jkZTMvxz4o",1,"btc",NA,NA,NA
"1034","1J8bPrXymYYcPN9Fkc6QFyxA4UfCJWh2rS",1,"btc","0.02894460 BTC","$784.70",784.7
"1035","1jvCWeioYfna1nN8kbassnAqUXsgP7Lc9",1,"btc",NA,NA,NA
"1036","1kbyvz4znrb9z83piqzz1zzqz3",1,"btc",NA,NA,NA
"1037","1KuZHhX7pfkkz1VhU5tEhLZj8X6HDjXZ5f",1,"btc","0.00000000 BTC","$0.00",0
"1038","1Kve3QQdW7x9BxdFAEq55A373bNxqtPsy",1,"btc",NA,NA,NA
"1039","1L6kxKa1utQQQqN3Vpk9zSgDmWeUWU3JNS5",1,"btc",NA,NA,NA
"1040","1LfxTaGfYNtnHHmnA47L53TVjymFQb49TN",1,"btc","0.00482619 BTC","$130.84",130.84
"1041","1LhLFRC7NcYp568ZU5SqHbT2dTsWNKvZrR",1,"btc","0.27822114 BTC","$7,542.64",7542.64
"1042","1LQoWist8KkaUXSPKZHNvEyfrEkPHzSsCd",1,"btc","274162.27413876 BTC","$7,432,607,792",7432607792
"1043","1m2LxN2pPbusu74FrDLJqFCdinujXCMhL",1,"btc",NA,NA,NA
"1044","1mNCPWuY2LAuWoJdvVbyYXBrAFDtAp4Fn",1,"btc",NA,NA,NA
"1045","1MuskEi6ryCrAmatZVz83DNJyCwSymidGc",1,"btc","0.04534327 BTC","$1,229.12",1229.12
"1046","1MV4Zjpwu6qcP8mq3DGHhtwufWqpKvFsW",1,"btc",NA,NA,NA
"1047","1NDyJtNTjmwk5xPNhjgAMu4HDHigtobu1s",1,"btc","15654676.01810381 BTC","$424,350,989,729",424350989729
"1048","1NEterwjYKynLiiFnd7qzh65kBpskncit",1,"btc",NA,NA,NA
"1049","1NRWc4C63jc2EBCSLStWW84wthCfsCSKNW",1,"btc","2.19081197 BTC","$59,393.46",59393.46
"1050","1nwxcV5bHDKMUVA3GpNGRCikQ5iBE7RXK",1,"btc",NA,NA,NA
"1051","1nWyaSTVzj6VTJPAqVbwG3hK9ryhsVjP3",1,"btc",NA,NA,NA
"1052","1oeZKnr47xwhaTKB5DVCpBSpLViN",1,"btc",NA,NA,NA
"1053","1otNLDgbYiVQae7MTpuTN7uT78rK7UysP",1,"btc",NA,NA,NA
"1054","1PBKFbJgwkkPPTotX9sBdAZsyzfDMbEH4",1,"btc",NA,NA,NA
"1055","1pcptsbAa2Cg8ST1ePzPcFDWdy2bQGJp7",1,"btc",NA,NA,NA
"1056","1pNwtXat6CaSg9gRGrpHwv9QTNDkNMsWJ",1,"btc",NA,NA,NA
"1057","1PsgJAHkxhGwptZZH4487Wwa9UfQFbpsB",1,"btc",NA,NA,NA
"1058","1QH3y1ZPiPwtTkfkAgg1aEauFyK4k8FGeE",1,"btc","0.00110711 BTC","$30.01",30.01
"1059","1QpCRiuEoTZcW5UonwdFp2jceBNQoqA",1,"btc",NA,NA,NA
"1060","1rdo55Cik4P6GnR5PwxVVWWmuJcSYbkkG",1,"btc",NA,NA,NA
"1061","1RtXMP797gM1fv94p3Xyosa258MFkp8",1,"btc",NA,NA,NA
"1062","1s4VYe2i4MWYGWB3A555e2BQZe",1,"btc",NA,NA,NA
"1063","1taFueBc9VosSmisdgQ2iXvojKreRmWPr",1,"btc",NA,NA,NA
"1064","1tjcqeTjsxkYV3iApLLQP5nVAHtUX6YVN",1,"btc",NA,NA,NA
"1065","1Tn12iTQrHW29jsRDZPnYrPsmVTm",1,"btc",NA,NA,NA
"1066","1tqXrgSRB45tfNgTDc9ktCbdBgCsnJ",1,"btc",NA,NA,NA
"1067","1u7YKZjbSCszjmSj2hRRDjDyiE1mMjypi",1,"btc",NA,NA,NA
"1068","1uXxnyyDzD955MJXqipZSnfZmRLiqL7ns",1,"btc",NA,NA,NA
"1069","1VhLQTxqrzVJLAqZh49Pbg59q3YAFiqmh",1,"btc",NA,NA,NA
"1070","1wcQb4SwzgUC85KBfjkfBCc7P8Gu5dh",1,"btc",NA,NA,NA
"1071","1wp1ocLryH8Xa3VrpWSfNAoLdL",1,"btc",NA,NA,NA
"1072","1WroWePkFDC4EwjQPxAK5Vz3uvo",1,"btc",NA,NA,NA
"1073","1Wvqk9GHD3Ss2hRBEPRyff8yVoqA7pmTE",1,"btc",NA,NA,NA
"1074","1wXoeuy6GheTKMuRdiiPLLWVYA1VH2iwA",1,"btc","0.01331995 BTC","$361.11",361.11
"1075","1y1vsz4zue39z21r1gizz1zzqz3",1,"btc",NA,NA,NA
"1076","1y1vsz5zue39z21r1gizz1zzqz3",1,"btc",NA,NA,NA
"1077","1y1vsz6zue39z21r1gizz1zzqz3",1,"btc",NA,NA,NA
"1078","1y1vsz7zue39z21r1gizz1zzqz3",1,"btc",NA,NA,NA
"1079","1yqhXWAXUP4h4SmyVqKf4zoyAcvE8",1,"btc",NA,NA,NA
"1080","1YzU4jm1XXF5aWxf9kUmdAHE286C",1,"btc",NA,NA,NA
"1081","1z2RipXAhxvjYU38zEMWBcTZKjLaLRLsz",1,"btc","0.02000000 BTC","$542.21",542.21
"1082","1ZQfem5aGb11SgNFYbEwFKWswywXZhFDJ",1,"btc",NA,NA,NA
"1083","1ZS5yBsPdDyB5e4FBjjx2r6vXk",1,"btc",NA,NA,NA
"1084","1zSb7NvjQUktUpqYmmt8yiWrjwGVXpR8",1,"btc",NA,NA,NA
"1085","3137fc7486d84cd5beebf1e27c55c347",1,"btc",NA,NA,NA
"1086","3144755992a64386e4d8558653fd2c44",1,"btc",NA,NA,NA
"1087","3163c8ce5665416b8b8a79d977853c6e",1,"btc",NA,NA,NA
"1088","3174a36b4452addd866fadeb3459de44",1,"btc",NA,NA,NA
"1089","317f93ba4c2345d69a8141c4825fab2d",1,"btc",NA,NA,NA
"1090","31816b291a2943d29f97f6989cab7e89",1,"btc",NA,NA,NA
"1091","31895e7e4dd1fb1fbf8d81aa2df77f11",1,"btc",NA,NA,NA
"1092","3191e4addeab2c85c8e4d6b1e1a1f97b",1,"btc",NA,NA,NA
"1093","31aa135678f8118ed96d893ea77cf8ea",1,"btc",NA,NA,NA
"1094","31cbb9b514644ab1daa62161159e8579",1,"btc",NA,NA,NA
"1095","31d83813b1a8591921854f8b4b82edf3",1,"btc",NA,NA,NA
"1096","31f5c8c8d78d612d628fd39e997d5fbd",1,"btc",NA,NA,NA
"1097","31FjXZY3e8LD8HX51jVYgVxaSZ7hbzmx",1,"btc",NA,NA,NA
"1098","31MLLEZPuhYX8FX3TzyJb7LwVxR",1,"btc",NA,NA,NA
"1099","31t5C3GEa8hgKSfspBCfkDKf2nxto73x",1,"btc",NA,NA,NA
"1100","3234f6ffa2c943afbfdc97b96112764f",1,"btc",NA,NA,NA
"1101","326b85c5fd8e79a4655eb9d825fecb5e",1,"btc",NA,NA,NA
"1102","327a3b3dc341c5bcda64475d1c84c747",1,"btc",NA,NA,NA
"1103","3293d43abd1bf169d8b68ce64d828286",1,"btc",NA,NA,NA
"1104","329956e425334b64e7867b46e444d56b",1,"btc",NA,NA,NA
"1105","32CVFYYVJNFEZNDJREDFBZ7SWQ",1,"btc",NA,NA,NA
"1106","32e4cdedc8841f5a14deb62e74cfee2c",1,"btc",NA,NA,NA
"1107","32e8455b57d84375bf35aecaf456fcca",1,"btc",NA,NA,NA
"1108","32XCYVVJMFFRJF5U6FBMLBDPNQ",1,"btc",NA,NA,NA
"1109","331171f29f28c727e7fd43a881b29a",1,"btc",NA,NA,NA
"1110","33345184fcae445fb853af78288c26c2",1,"btc",NA,NA,NA
"1111","33446859f8fccdc87ae4a232fcc2671e",1,"btc",NA,NA,NA
"1112","3397c352c9a9bd9c481758ad51cd88da",1,"btc",NA,NA,NA
"1113","33acd48f71c1442a9df985939a9d8c46",1,"btc",NA,NA,NA
"1114","33e77dfa88cc48f22d7b574649434eaa",1,"btc",NA,NA,NA
"1115","33xmt44u4zfqfm4ahbxh7rrr5i",1,"btc",NA,NA,NA
"1116","3428c43764a33244a4c71dd3fd5851f1",1,"btc",NA,NA,NA
"1117","342bmt7ikd4r2ctyxz5d67y5vi",1,"btc",NA,NA,NA
"1118","342fc178e673b32c9dfa457cf327daa5",1,"btc",NA,NA,NA
"1119","3445287a9c46e8712574da2316bd3ee1",1,"btc",NA,NA,NA
"1120","34513aac2bae946d93d8814d9233c7",1,"btc",NA,NA,NA
"1121","3466e5e85fe9e839473aab891735319b",1,"btc",NA,NA,NA
"1122","34724d758323a22e61d6bc221bff79c1",1,"btc",NA,NA,NA
"1123","347586ddb8ed6be4a175ce1bedfe889f",1,"btc",NA,NA,NA
"1124","347c479a96de4513a596711b9113e244",1,"btc",NA,NA,NA
"1125","347QDRDRDZD3JJNY3CXKE6FDL4",1,"btc",NA,NA,NA
"1126","348ad5e91bf759c5cdbb122ad6b3aeab",1,"btc",NA,NA,NA
"1127","349b353d4c4c41b1a1e44c76331a352a",1,"btc",NA,NA,NA
"1128","34ea9b73ae7f4f8aa5e183947ad37399",1,"btc",NA,NA,NA
"1129","34hw76sm7ngtpmhpwcrxzv7ryy",1,"btc",NA,NA,NA
"1130","34ud3dkCkBCjzVCky72YhFXBn3jUTpwBYp",1,"btc",NA,NA,NA
"1131","351ecec9ce885d68fe58f9f15aaaae62",1,"btc",NA,NA,NA
"1132","353b254cfa93ace962c55e73a4fbce48",1,"btc",NA,NA,NA
"1133","35444635c9e84bf99fa3448cee5cb697",1,"btc",NA,NA,NA
"1134","35525b57e271aabd74238b99a6d524d3",1,"btc",NA,NA,NA
"1135","357a69e991cd436b95d4a8ee754a5dc8",1,"btc",NA,NA,NA
"1136","35835e8768234af38b7c3f59b192fc57",1,"btc",NA,NA,NA
"1137","3598b75d15b74c7a87ff26f5e2bad369",1,"btc",NA,NA,NA
"1138","35a3596981f94471be648153bd688338",1,"btc",NA,NA,NA
"1139","35a54e12cebd42d8abf52ba1ee6abbc9",1,"btc",NA,NA,NA
"1140","35aecPL3Kv8nFcKQEgtsZh1Z9zX8sQujs1",1,"btc","0.30518934 BTC","$8,273.23",8273.23
"1141","35BYAuhZUQHnr44gqCEWwzVspGaGAUfp",1,"btc",NA,NA,NA
"1142","35c35fdd1aa141389eaf74b8c3c56f98",1,"btc",NA,NA,NA
"1143","35d218ab833f421eb8299c3346ee9ff6",1,"btc",NA,NA,NA
"1144","35EPFEENFVNUQ2GTTL3UUFANG4",1,"btc",NA,NA,NA
"1145","35GLkmY9kEuAbQ7Cpa3TWRTQdwsEcWWjFw",1,"btc","0.00153812 BTC","$41.70",41.7
"1146","35hx5KSLN5uLtAyuXNPDeuo6ecu1SojR",1,"btc",NA,NA,NA
"1147","35SRPTWJWPPPHYWQAGU3RR4254",1,"btc",NA,NA,NA
"1148","35tSSZMvsLXF4zYK5SYzkXBiL4DqmPRe",1,"btc",NA,NA,NA
"1149","35wfrwtt6zbe5cxsj2ypz5vyoy",1,"btc",NA,NA,NA
"1150","35YB7n3yQ71kYndNyXHsigV8GyXZn8Er",1,"btc",NA,NA,NA
"1151","362357adb5574f3bbee75be8823b517e",1,"btc",NA,NA,NA
"1152","362914172bbb5c1b2d18d99fe44bf9c8",1,"btc",NA,NA,NA
"1153","362f7c43144aca52f2677585ab8b5289",1,"btc",NA,NA,NA
"1154","36579746afe94edae5b5959679762867",1,"btc",NA,NA,NA
"1155","365ae9281223ad71e113c7ebd9ce2d2d",1,"btc",NA,NA,NA
"1156","3698f582ef4b4fb4aa1f9e91a815a2c9",1,"btc",NA,NA,NA
"1157","36AjdLxtPa6SPXMu899ZiNJ18SHMBapX4V",1,"btc","0.00000000 BTC","$0.00",0
"1158","36FEBztDqyxUFFDaMAfhZrixbQ",1,"btc",NA,NA,NA
"1159","36SvZg5at2cj1oHTCPpHTKKWBCWvcgh58n",1,"btc",NA,"$1,721.70",1721.7
"1160","3712c45b2fae4a27aed7a8afc8f823d1",1,"btc",NA,NA,NA
"1161","373e1d96de1c499e1953d3cba82b9e77",1,"btc",NA,NA,NA
"1162","3759b8adfe414fe3bfee86131ffbb232",1,"btc",NA,NA,NA
"1163","37712aa58b7f4bc3b9199fdec9cdcef2",1,"btc",NA,NA,NA
"1164","377HNHLTFZCHRAYVDBY2DVFEF4",1,"btc",NA,NA,NA
"1165","377M6BSYAFBPPJMTPTBYXTATG4",1,"btc",NA,NA,NA
"1166","378m3wFSmRsZJSGDZk4sNiD7ZQn15fY2D6",1,"btc","0.00000000 BTC","$0.00",0
"1167","379f277e612c38817d48c699524cab37",1,"btc",NA,NA,NA
"1168","379gf5PiuqyitmGwGSJUbeELPNBU8kif",1,"btc",NA,NA,NA
"1169","37AsterixAndTheChariotRace",1,"btc",NA,NA,NA
"1170","37cfedb4f359477eaa3d644bc14a4277",1,"btc",NA,NA,NA
"1171","37eaca9c3878fd9bd92da7db6e58277f",1,"btc",NA,NA,NA
"1172","37eecbac2c2d4b56874f18459699eb53",1,"btc",NA,NA,NA
"1173","37fd721264b1421f8a1223ee5e5626e3",1,"btc",NA,NA,NA
"1174","37jighHc21mTVfEFp9bSU7yL1aU6Hb66",1,"btc",NA,NA,NA
"1175","37K4KNBTRBG43MXREAKQBPGH4Q",1,"btc",NA,NA,NA
"1176","37T8aShNSPnZ2ouCRWjwQe8MSFw8Dtyz",1,"btc",NA,NA,NA
"1177","37wdPV5UGC9NeTs1uSYnQvW58cfrAKVs",1,"btc",NA,NA,NA
"1178","381876446A77DDABDDCC2237AE3FBE81",1,"btc",NA,NA,NA
"1179","386f7b76f54c6fced5dbb5179851d9",1,"btc",NA,NA,NA
"1180","388628625536887fefa47b9bbca629eb",1,"btc",NA,NA,NA
"1181","38b315bfb7224e569b6563dc6bdb8def",1,"btc",NA,NA,NA
"1182","38d5c63b86bc485fa65c133a283a1e3c",1,"btc",NA,NA,NA
"1183","38pjKTKqDk8nbbqToNopfR9bGEnbmgUSRc",1,"btc","0.00000000 BTC","$0.00",0
"1184","3936b98836b269d1dc9fb112a6fb81ec",1,"btc",NA,NA,NA
"1185","393ddccd5f95e5f29d98a82ffa472cf2",1,"btc",NA,NA,NA
"1186","3951c77cfeb9492bdde8621a22858fc8",1,"btc",NA,NA,NA
"1187","3967162e98a322ae1e121596abf454bc",1,"btc",NA,NA,NA
"1188","3967hSh4mmwV8h1YUGCK36wHtLQE9okF3o",1,"btc","0.00170000 BTC","$46.08",46.08
"1189","396e574db57c42abb111b1471e5c9556",1,"btc",NA,NA,NA
"1190","397991c2e9292e49461d3a7535685dbe",1,"btc",NA,NA,NA
"1191","39b374c86e56e9b811cc81b131c1ace7",1,"btc",NA,NA,NA
"1192","39b3c67fc1febdc47c576bd56a138d3a",1,"btc",NA,NA,NA
"1193","39BJ7BxAGJq2aL8sRGnQyyUtWDihtsgwKg",1,"btc",NA,NA,NA
"1194","39edaff23c4b48b1bee67944a169df27",1,"btc",NA,NA,NA
"1195","39eEqbHCPXvqBWkLe8rK1eYy21UEZRzK",1,"btc",NA,NA,NA
"1196","39LF5jiMkobN1BDKQNoCA78g15Meeo8FyW",1,"btc","0.01161838 BTC","$314.93",314.93
"1197","3a268f2c37ce4a9daa2bdc6ee4a3fe86",1,"btc",NA,NA,NA
"1198","3a2cdcfdac224647bd65e95fd57395d5",1,"btc",NA,NA,NA
"1199","3a2StVkMmfdegQnmeRQXmeDeDGazz9K7",1,"btc",NA,NA,NA
"1200","3A5d8816d91ba9895c2e58b5db2364218a",1,"btc",NA,NA,NA
"1201","3A62473NMZBDNGYDSB2FAVR3NE",1,"btc",NA,NA,NA
"1202","3a6f929ce98b7855fc78ec7b693dacf9",1,"btc",NA,NA,NA
"1203","3a92f2761df529818b99262bee7c1756",1,"btc",NA,NA,NA
"1204","3aa8d1dadf8d633f2c3274a6a8f9ef6f",1,"btc",NA,NA,NA
"1205","3AAkkeMzoY3c3e5oaqGaKvXGWEdRYbSDTg",1,"btc",NA,"$0.00",0
"1206","3ac7d6adc7dccd53745aa543aab9ebdd",1,"btc",NA,NA,NA
"1207","3ad1848764236f73168dbde17335bf73",1,"btc",NA,NA,NA
"1208","3adbaee28caa455ba2b6677c7b2eadfe",1,"btc",NA,NA,NA
"1209","3afced1aadb659a729d98b9ef536333d",1,"btc",NA,NA,NA
"1210","3AzNbdbiWYmvJQpiU5QhxNXgvhRke2oy",1,"btc",NA,NA,NA
"1211","3b1ebff16f9beb9eecd1b31955647643",1,"btc",NA,NA,NA
"1212","3b1f823d2f459b2f187c3d79b3dcf2d7",1,"btc",NA,NA,NA
"1213","3b2154aa876448879c74e88eeac6888f",1,"btc",NA,NA,NA
"1214","3b229d3e64284abfdb846a3d1a239279",1,"btc",NA,NA,NA
"1215","3b3ea39824a8671c245f8a7e3635e8ea",1,"btc",NA,NA,NA
"1216","3b4167ec15cb9a27d77e5dbd3aa7f4c2",1,"btc",NA,NA,NA
"1217","3b6297f7384ad799dcc7e48a4271ec15",1,"btc",NA,NA,NA
"1218","3b6BY1KTF2fTZybi7EPf8ug16RhXTxZDg",1,"btc",NA,NA,NA
"1219","3b7ed65371d847f428eeb265122b6e",1,"btc",NA,NA,NA
"1220","3b7ff6ac17931d2a3c725b2d192baa57",1,"btc",NA,NA,NA
"1221","3b8e3b3c5ba745b9ae73bf3bf7b5ec7d",1,"btc",NA,NA,NA
"1222","3bb33af2f7a84d8684879977d5553ec2",1,"btc",NA,NA,NA
"1223","3Bqh7nhdWU8JsWnBmrrB1NFTHGM9i1n8",1,"btc",NA,NA,NA
"1224","3BwedmcVSfveTHGwB7tJ6GgfHnyBNp1P5f",1,"btc","0.00000000 BTC","$0.00",0
"1225","3BXDLV6ALZALFMBK3H3EZQQLBM",1,"btc",NA,NA,NA
"1226","3BYRLVJFPWNWWYA7DXLKRJEFU4",1,"btc",NA,NA,NA
"1227","3c1e6def5677b349a7b4b7f5ac5b35",1,"btc",NA,NA,NA
"1228","3c34f783a413df8d8cb12f943ac1cfde",1,"btc",NA,NA,NA
"1229","3C5BEKE5E5C67K57MLANUU6MNA",1,"btc",NA,NA,NA
"1230","3c9fa9985e934f86a97ec3982c6fb55f",1,"btc",NA,NA,NA
"1231","3cae9162a1fcd4f93a43642b6dd76a35",1,"btc",NA,NA,NA
"1232","3CaxECBZfKcrKnnf6T9K58wHJ3FWCp4Bhp",1,"btc","0.00002500 BTC","$0.68",0.68
"1233","3cc1318c96a342bea6dd24787af5e32a",1,"btc",NA,NA,NA
"1234","3cdd35ced9284665b3b7aa83d2c1f354",1,"btc",NA,NA,NA
"1235","3ce2b7a625194488b9cd34e811c5133b",1,"btc",NA,NA,NA
"1236","3CeGMXwtQhAwqUjzpmXKuEYmBfG4Pd6TXu",1,"btc","0.04580658 BTC","$1,241.68",1241.68
"1237","3cf29aqxe7q76e1xmf92qwufeg",1,"btc",NA,NA,NA
"1238","3cj2i4boijefzmnimjyyte66wy",1,"btc",NA,NA,NA
"1239","3CsMz5MFL94rj8sa7oTwRfe21hT7MP1LRn",1,"btc","0.00000000 BTC","$0.00",0
"1240","3d1cbeb58dd4ed38779973f6c68168af",1,"btc",NA,NA,NA
"1241","3d1eb376464fd3b29f8cb1d35ac128f4",1,"btc",NA,NA,NA
"1242","3d2a5ad3377bb748c22f632642ba23f1",1,"btc",NA,NA,NA
"1243","3D2czahkDvvRR3mGiBH4rYgBcRvBDJDZNX",1,"btc",NA,NA,NA
"1244","3d345f3c2da9befc6ca8a283a9ef9f6b",1,"btc",NA,NA,NA
"1245","3d3b91b8156e573c97c1d7f8bb13129b",1,"btc",NA,NA,NA
"1246","3d3d414d33457a4e31457a6333566d54",1,"btc",NA,NA,NA
"1247","3d3d414d786b7a4d31457a6333566d54",1,"btc",NA,NA,NA
"1248","3d3d414e776b544f33457a6333566d54",1,"btc",NA,NA,NA
"1249","3d3d514d32636a4e77457a6333566d54",1,"btc",NA,NA,NA
"1250","3D4FDHW25VB3PH53WMKLW2UMVQ",1,"btc",NA,NA,NA
"1251","3D5aAjxiKDuB3hEFLqJxSbX3bCZc9yiLoq",1,"btc",NA,NA,NA
"1252","3D644835ccc82db3273ef2c1e4",1,"btc",NA,NA,NA
"1253","3D6d132392447946eadbb1eba9cbcda36b",1,"btc",NA,NA,NA
"1254","3d8595abd9cd4fd5eaaa1d536f91f2d7",1,"btc",NA,NA,NA
"1255","3da238ca7c8e4d1f8a26ba3dde95f872",1,"btc",NA,NA,NA
"1256","3Da4f57db98cb8251546c1ce316b33f3fa",1,"btc",NA,NA,NA
"1257","3da61f913eae24e788be677bcc754bbd",1,"btc",NA,NA,NA
"1258","3daa8d27a3ef81af341865749c29d2cb",1,"btc",NA,NA,NA
"1259","3DB7bx5kcy7k7xYn6HfyCHpFgHgRedZ6",1,"btc",NA,NA,NA
"1260","3DBJraWt3yXR8YfLC4XEUJAn9AqWt4LjzR",1,"btc",NA,NA,NA
"1261","3DD83F9E938B8C4DA98A692FDED8887DBF",1,"btc",NA,NA,NA
"1262","3dd9d866f43fc8d345cbd783186fff9a",1,"btc",NA,NA,NA
"1263","3DEE34D8E521141E653CADD194BBACE2",1,"btc",NA,NA,NA
"1264","3df4886f7da14b6287d97e38f1c3bebd",1,"btc",NA,NA,NA
"1265","3Df896efe33ebcc4bc1d9b19477",1,"btc",NA,NA,NA
"1266","3dfb3de975dd21bf3d5ff8f846c19bb6",1,"btc",NA,NA,NA
"1267","3Dfj7KJEktEFV8UVHB3bmZy7WyiCQQFM",1,"btc",NA,NA,NA
"1268","3DFqFMh47PYGfMPBwnaKxRYwAHrDZ3ZM6M",1,"btc",NA,NA,NA
"1269","3DFSm97apDNvq2EBhQE95qyF4U5qtWkNW2",1,"btc",NA,NA,NA
"1270","3DjqfEmJmaBN2pifY3swcFmvURGENT",1,"btc",NA,NA,NA
"1271","3DmR4nowSKeSD9FAbPMoMHg782GEHp5n",1,"btc",NA,NA,NA
"1272","3DnQyX7EquNt1Yj2dbUdh1jrsdprTGbo",1,"btc",NA,NA,NA
"1273","3DnSceLWVKNF637KhXXBSKFRsPRGEEQ6",1,"btc",NA,NA,NA
"1274","3Doiao4MXH2f97edqVGcv7Dk5f2ZHYeW",1,"btc",NA,NA,NA
"1275","3DqHGEU4vw1wByMusy2t3hA59cwMg",1,"btc",NA,NA,NA
"1276","3DRTMLM6TEALTFKA6LYQUDABEQ",1,"btc",NA,NA,NA
"1277","3Ds5NZeX4aWVCXfMrRFPpa3rC2ZNcdtT",1,"btc",NA,NA,NA
"1278","3DSctn2TnjihHVk4KrF2UKxJ9RQnuYHP",1,"btc",NA,NA,NA
"1279","3dSDSN8PBcGmxj83c5gpospJeYEWEKMc",1,"btc",NA,NA,NA
"1280","3DtP9h7X9huKUdq6kf9zoQxeiMmuq",1,"btc",NA,NA,NA
"1281","3DTXD3H5UVHANMQHAAGWLBEVFU",1,"btc",NA,NA,NA
"1282","3dWe5sKZsrYEjbTAo2utrbJ3oejoT8Hh",1,"btc",NA,NA,NA
"1283","3DYxsRR1WdYXtkkswggWPhPgkvffgP2K",1,"btc",NA,NA,NA
"1284","3e27c2a1a22345cbc5dac3481b69ec2a",1,"btc",NA,NA,NA
"1285","3e53c99a2e9545cfb7e7b132dd5f72",1,"btc",NA,NA,NA
"1286","3e5dad9cb66921838caf1f3584896c63",1,"btc",NA,NA,NA
"1287","3E6PF2V4ZXX3UACZJM5PMMT7RE",1,"btc",NA,NA,NA
"1288","3ea3964247bd4218bbea8da5ccdbad74",1,"btc",NA,NA,NA
"1289","3ecd5a4658cf438ca42be5852417e672",1,"btc",NA,NA,NA
"1290","3ECMDUHMUJBKJP625AYWMPFGKQ",1,"btc",NA,NA,NA
"1291","3ed45ef8777541388bc937b3f99afd3b",1,"btc",NA,NA,NA
"1292","3ef398f6be9444eb9324ca421f5457c3",1,"btc",NA,NA,NA
"1293","3efMjHRxM2MPvHX3eDZrUVw31g",1,"btc",NA,NA,NA
"1294","3EMQG9EhPkoFbX5F19RTGZs8rPqGYm2mp9",1,"btc",NA,NA,NA
"1295","3EP3SZZHVZASJGYMC2NQEXCV2A",1,"btc",NA,NA,NA
"1296","3EQ36F363FBV3H6KWTWQYUH2RE",1,"btc",NA,NA,NA
"1297","3f137d4724db48379d446a4dc1245e99",1,"btc",NA,NA,NA
"1298","3f154d213895f453f3332b6b414c621b",1,"btc",NA,NA,NA
"1299","3f38617b62394772bcde94e86152e64f",1,"btc",NA,NA,NA
"1300","3f3MNsd7PYsj1jJd4Bmni6zx5GGmLKRQ",1,"btc",NA,NA,NA
"1301","3F52VWUNK4LWBVGQ4BAD5RRXV4",1,"btc",NA,NA,NA
"1302","3f7eec6b164c466bb94338aa2c93221d",1,"btc",NA,NA,NA
"1303","3f7jyzZ8Lz4rPFTYeE2YStKw8hCh4wZE",1,"btc",NA,NA,NA
"1304","3f94e32871ef46cc89b37cdc6b8aafc8",1,"btc",NA,NA,NA
"1305","3f9ca787f988c6af51418ecb6a836bce",1,"btc",NA,NA,NA
"1306","3fc5d27313144ad8948b8cf7199a1a8f",1,"btc",NA,NA,NA
"1307","3fe2c276ce185c2f682d39a78e397123",1,"btc",NA,NA,NA
"1308","3fMWboDBm3uw923kLDBBQQdsBNzwGdjE",1,"btc",NA,NA,NA
"1309","3FTY2bkqFRoDdAiw4bUnFeNFJu8sGWDipj",1,"btc","0.00192900 BTC","$52.30",52.3
"1310","3fyuf3PetU6gH6Sq82ME9z41NQ26osgw",1,"btc",NA,NA,NA
"1311","3fzzv6mmyzbnbkzv7tdqr2bemi",1,"btc",NA,NA,NA
"1312","3GCNAM5V16bwJpQS9rwwMar8aMxfFG3M",1,"btc",NA,NA,NA
"1313","3gdN14HKvBnxsAoc7t4tMxWVNuiTALSH",1,"btc",NA,NA,NA
"1314","3GL6L2K7JZHGDKPF3THEXRVHZQ",1,"btc",NA,NA,NA
"1315","3GVMx6NpuerggF5rDKJp9QDpCr9NEoW2",1,"btc",NA,NA,NA
"1316","3HFU4J5DDZGBZJJHBBUCXCMWVE",1,"btc",NA,NA,NA
"1317","3HGctJcNbS3nZSZhaiwrqCcQn2WpjDVy",1,"btc",NA,NA,NA
"1318","3HqquEPKGihZHyqjVxBfButRHpXai3F72T",1,"btc","0.01050000 BTC","$284.75",284.75
"1319","3hYkpq97aS3HYH4duQaS9x142XCGU",1,"btc",NA,NA,NA
"1320","3HZTK7UJRWAGYKB7CSQMWVBMBU",1,"btc",NA,NA,NA
"1321","3iprGWJie2Wga3ccriCdVPJFVMqTj4Wb",1,"btc",NA,NA,NA
"1322","3J266WYFGZFBDK2UWM5GD3TCRU",1,"btc",NA,NA,NA
"1323","3j5zn6nBhEndDzf5u69ucCbULESBJJe5",1,"btc",NA,NA,NA
"1324","3JAHMR4TKEN3F3EDSAHXMX4ZVU",1,"btc",NA,NA,NA
"1325","3JaN5ATWhJkb5KBewmdDH4YHNbiJwKKe1c",1,"btc",NA,NA,NA
"1326","3JhnY4H5Jo2TFr3JJpCoY6a8QnETjktURS",1,"btc",NA,NA,NA
"1327","3jMoXKnbqi5UNyG2VouthxkvmWwmgupY",1,"btc",NA,NA,NA
"1328","3JQ52G5F7ZH5HHTZPEEA7B4JBA",1,"btc",NA,NA,NA
"1329","3JXRJ7RB2QS6DVF7RSNKNF75KM",1,"btc",NA,NA,NA
"1330","3kB1QibqrEABNT39fW18QHr2prMHPFhm",1,"btc",NA,NA,NA
"1331","3KMQCNVPRFGNRLK6QZXCBVBAMA",1,"btc",NA,NA,NA
"1332","3LwCEMcxUjALDUoBXn3iAruo55WTzzFK9esp",1,"btc",NA,NA,NA
"1333","3n7UYbRHSqTVMBiBTgWNr1U3RA",1,"btc",NA,NA,NA
"1334","3NCNZWxRzxQcLrq7Buw8MEL9Wypfi4GrVA",1,"btc",NA,"$410.60",410.6
"1335","3NhamGYBzfTxMveoqx8RUJtJQFVi5KPjFD",1,"btc",NA,NA,NA
"1336","3NSUAWL2W5CHRDJFCHJGFBXJBE",1,"btc",NA,NA,NA
"1337","3NX2DW2JJBGHXNBPVXMQDSQEHM",1,"btc",NA,NA,NA
"1338","3NZ9Gdrj1f6aqjdEKCh3kHaMex98r1Shkt",1,"btc","2.69009061 BTC","$72,952.35",72952.35
"1339","3oetoaHmL3YaKVTxXkJyRtbb5RRCtBMK",1,"btc",NA,NA,NA
"1340","3oXQKuZ7UiYWHDMcbgnuQKk14StfvdguA",1,"btc",NA,NA,NA
"1341","3PDG3L54GFDQ5J2ZB3HML6EPYY",1,"btc",NA,NA,NA
"1342","3PF75u4kQEYrYVVp194i6bgfvi88ciompuN",1,"btc",NA,NA,NA
"1343","3PLrTb8p2ucjwafH813WN5v1PM3n243p",1,"btc",NA,NA,NA
"1344","3pp8miU2XKx1omBUFesbLQvY6Fa4DWrR",1,"btc",NA,NA,NA
"1345","3q1fKdYgA2Sc7mbE8eMKiX2nTPoaWv7f",1,"btc",NA,NA,NA
"1346","3Q2QW2WLBBGELGQKKM6P3H47EQ",1,"btc",NA,NA,NA
"1347","3Q7FyN8zALic1amCfJvunwPEFRjSYPTJSk",1,"btc","0.00000000 BTC","$0.00",0
"1348","3QDFAEHN6ZFE3JKEH4AYK5GW5E",1,"btc",NA,NA,NA
"1349","3qnkgF6mZNBgAKM6mTGkXANtF5KkzsVD",1,"btc",NA,NA,NA
"1350","3rAgagyZ9dmM4cjr5xaaxKP93Lb9aNqP",1,"btc",NA,NA,NA
"1351","3rJ2XEgd17VS4J2f2bkX2J3nrXAeXCT9",1,"btc",NA,NA,NA
"1352","3rrnuLdzwDXjUwUkbK2CD5Eqm7pUSU3a",1,"btc",NA,NA,NA
"1353","3SEXpBhEjcbaQpPU1BedfyesRJ4y9hNb",1,"btc",NA,NA,NA
"1354","3sLDvcnAwZGiAjWPEe84rXDdxCTBQG2T",1,"btc",NA,NA,NA
"1355","3SZ6UJJ2WFHDVDSSQABRZC4XBY",1,"btc",NA,NA,NA
"1356","3T4GBTENCBFKPFPHE2YP4EZWCU",1,"btc",NA,NA,NA
"1357","3tbo4izi6zdttpijmbpgbzogdi",1,"btc",NA,NA,NA
"1358","3tGLQ3qm5xdpSoeQwy68bmcrvEUHxSTP",1,"btc",NA,NA,NA
"1359","3tgngoAThee5EucGhGcjirkPmg8rE2KY",1,"btc",NA,NA,NA
"1360","3u65nrs7engbjcrgnyczjknuoe",1,"btc",NA,NA,NA
"1361","3UjWnasAvoHsQebeSf1W4Rdbc2QK6ZrU",1,"btc",NA,NA,NA
"1362","3UZHC7BZCNHD5DZ26YHGSVGTSM",1,"btc",NA,NA,NA
"1363","3vAvQBj5SpMytwxuzsC6qRf6XCZA6azN",1,"btc",NA,NA,NA
"1364","3VQULRFSQ5BDFKYGBX6PYNBCFA",1,"btc",NA,NA,NA
"1365","3wgk1H6gX7VgXvWcpE65QjV2vgbyv1Fd",1,"btc",NA,NA,NA
"1366","3WXAXKazLq8Jw9WhyxvfkKyvcwy6eKon",1,"btc",NA,NA,NA
"1367","3xbrikd2iffa7ometuuzyiwwny",1,"btc",NA,NA,NA
"1368","3XNH54J4PREHZDUCCTUP34HTQ4",1,"btc",NA,NA,NA
"1369","3XQDWM4EBFFLJG76ZSL47KWNAA",1,"btc",NA,NA,NA
"1370","3XrVpLaRantL7jHtgUY9e8MnTME",1,"btc",NA,NA,NA
"1371","3Xx4BVnaGvxmt5sGQhQMUzKQtLaFrWU8",1,"btc",NA,NA,NA
"1372","3YA5VYRZN5GBTMJCN34S5VFHQE",1,"btc",NA,NA,NA
"1373","3yf336fkic6pigikgdv3q72sva",1,"btc",NA,NA,NA
"1374","3YHNVarfpV53i6KkUN6pgmkRoFPZXiEt",1,"btc",NA,NA,NA
"1375","3YJ2VFXS3FFSTC3CX357TN45BQ",1,"btc",NA,NA,NA
"1376","3YMWDNAWVHUCP4X423HDJAJGP4",1,"btc",NA,NA,NA
"1377","3YNTCBVV6JE3DKKKKQHEFFHMWQ",1,"btc",NA,NA,NA
"1378","3yQ2ENKrxtwFobosX9wc44CWdvB8dTmW",1,"btc",NA,NA,NA
"1379","3yvJX7q5zDqNPNvsAfy461sSwSZ12x66",1,"btc",NA,NA,NA
"1380","3ywagvcchvckvkq7263vohdbtu",1,"btc",NA,NA,NA
"1381","3ZADYJ42MBFQ7PP6MPNQDDHYLU",1,"btc",NA,NA,NA
"1382","3zgctxu3qfbptfpndycbifcmaa",1,"btc",NA,NA,NA
"1383","3ZJtRf7w7DfYQiwch7Dmk2fHh4",1,"btc",NA,NA,NA
"1384","3ZNUMTSWV5PSNRBYTKSGZEMLYY",1,"btc",NA,NA,NA
"1385","3ZPH8XfrrfAYkZCak2qMjoCBs47xgVqk",1,"btc",NA,NA,NA
"1386","bc1382f26a59",1,NA,NA,NA,NA
"1387","bc16c35808d0",1,NA,NA,NA,NA
"1388","bc183976de54",1,NA,NA,NA,NA
"1389","bc1873287995",1,NA,NA,NA,NA
"1390","bc188e858a55",1,NA,NA,NA,NA
"1391","bc18acaa987f",1,NA,NA,NA,NA
"1392","bc19499720f2",1,NA,NA,NA,NA
"1393","bc1c52ec6489",1,NA,NA,NA,NA
"1394","bc1c7889907e",1,NA,NA,NA,NA
"1395","bc1e2lx2u84y9y4jp9rwzq5dv5",1,NA,NA,NA,NA
"1396","bc1e33a80404",1,NA,NA,NA,NA
"1397","bc1q22fx7xurv25ec3r2yzah80w3xnw0rtuvh5n65j",1,"btc","0.00000000 BTC","$0.00",0
"1398","bc1q3fyjs7gksmt80n7tsp5rh8vw48hejsjpdymxpw",1,"btc","0.00227406 BTC","$61.67",61.67
"1399","bc1q4qjdn4zehaxyh9l6v7cmfdm9jzjsm6j79gv2l5",1,"btc","0.00000000 BTC","$0.00",0
"1400","bc1q4sun7kgm5xu98tgq99vvttfjmkdxf6j4uu7q2h",1,"btc","0.00602704 BTC","$163.44",163.44
"1401","bc1q5kj90lq8ygp05zyhhqf8hc666l8hphvtd2mvsl",1,"btc","0.00000000 BTC","$0.00",0
"1402","bc1q6k3fwg07m64j03h9v9y9d4ad5r4q63w54jqlw3",1,"btc","0.44131276 BTC","$11,965.43",11965.43
"1403","bc1q6pxr7eepxx5szzggkcva5pda5hk7qxuptxyhs4",1,"btc","0.00280125 BTC","$75.96",75.96
"1404","bc1q6vf3e9paz5druqzgngwpltp6eapmkjy7f02ard",1,"btc","0.00988984 BTC","$268.19",268.19
"1405","bc1q73zua3ul8xj60ddehla3ux6q3t5pt80zqkxcm4",1,"btc","0.02725609 BTC","$739.14",739.14
"1406","bc1q7lvytj3zmzdy7ejlgpptyl97kpecwxzjg7h7aw",1,"btc","0.00000000 BTC","$0.00",0
"1407","bc1q7muk5ul0ca64k32h2egddurjs6lpe74ljd2r3d",1,"btc","0.00000000 BTC","$0.00",0
"1408","bc1q820a5ake9y8nkga02z44xy77fph8e5h49j6efz",1,"btc","0.00000000 BTC","$0.00",0
"1409","bc1q82n7qazcxvvh7xkt4tpelvuu4ru02d4uztw5jh",1,"btc","0.00000000 BTC","$0.00",0
"1410","bc1q83rgkkke7ku2lzsmvuhr27kdh0d2xqzfkjjeyv0fpdt63y6w5vusa4ad92",1,NA,"0.00000000 BTC","$0.00",0
"1411","bc1q99yt3ywk55t06wvuzpyew63xnvec9zj6rxv22d",1,"btc","0.00155314 BTC","$42.11",42.11
"1412","bc1qa2lsenljnd7fm6q9adxcgdevclhch90uwmzcke",1,"btc","0.00000000 BTC","$0.00",0
"1413","bc1qarpyu7lzmqlkq6yh6qhdr4gp4gq8n4czt3gfse",1,"btc",NA,NA,NA
"1414","bc1qaun6jpm7kdrqxhq3ksl6pwaegca8r28ha4hl4w",1,"btc","0.00000000 BTC","$0.00",0
"1415","bc1qckn9grungvupu0a08u0fs7way5hvuc0fkr58et",1,"btc",NA,NA,NA
"1416","bc1qee7u4tk3u0zspnvxw628wr7ctck0e93wypgvwh",1,"btc","0.00071827 BTC","$19.47",19.47
"1417","bc1qehmw570ef96ayl9vhvk6l5xn2x8c7fzk7r8waf",1,"btc",NA,NA,NA
"1418","bc1qf4mc63jsawhlq6dy4nedxk4mjzytms8u0dd92k",1,"btc",NA,NA,NA
"1419","bc1qf9n72s8w4d5maumxj3cx9rt65uqlvyug2c3l9p",1,"btc","0.00114979 BTC","$31.18",31.18
"1420","bc1qfetd9pse58fyeu98lc9tpa090uzd5va2d0djhj",1,"btc","0.00742943 BTC","$201.44",201.44
"1421","bc1qgnm7arj77r8c4hz6xvqr5fwecktmldtrwt6p20",1,"btc","2.42653096 BTC","$65,791.19",65791.19
"1422","bc1qgqsq5wws4dslaemxv8cm3yu87cdr68mx2q958d",1,"btc","0.00118580 BTC","$32.15",32.15
"1423","bc1qhau3sww87dwuhun8qh29t78qwj3t9cuneljzux",1,"btc","0.00129534 BTC","$35.12",35.12
"1424","bc1qkd5az2ml7dk5j5h672yhxmhmxe9tuf97j39fm6",1,"btc",NA,NA,NA
"1425","bc1qkgea2v88369q9jk4ucvlmhf5nvpp4fdrjng3ts",1,"btc","0.00653335 BTC","$177.14",177.14
"1426","bc1qlarapamhedez2n5wz3aekgq0ed74gz5tdtnl06",1,"btc","0.00000000 BTC","$0.00",0
"1427","bc1qn222vtmxe2n9wat32m9agr4u4mnr4gyr6h948q",1,"btc","0.43891219 BTC","$11,900.34",11900.34
"1428","bc1qp0fwsy5nclwavgqpkyp66l3saq3t9mq5ev9409",1,"btc","0.00943129 BTC","$255.71",255.71
"1429","bc1qpgh2g4l4x44s3w7fa4nvyr320ky0hagvlvn58f",1,"btc",NA,NA,NA
"1430","bc1qpld6njun70qe37qqe6qd7pv35ltj6kk8spdetn",1,"btc","1.16933281 BTC","$31,704.97",31704.97
"1431","bc1qrmsy3r9uspae4mp6rz3q5struumhxf0pr9kue7",1,"btc","0.01335152 BTC","$362.01",362.01
"1432","bc1qryqgwz2zwkxzf6g0v82ht3gyv25jell8qen9zg",1,"btc","1.40569429 BTC","$38,112.97",38112.97
"1433","bc1qs2k79s94w3rjcmwdsdg9zk7ns3hg6f5snwg9wh",1,"btc","0.01190532 BTC","$322.79",322.79
"1434","bc1qt54pz3ynwd2ucgf6ucffhx2c5qcfr967zzqevd",1,"btc",NA,NA,NA
"1435","bc1qtpq5w3gtk3f0z6p2npr8dp0zer8lk45p5awvkq",1,"btc",NA,NA,NA
"1436","bc1qtvz3q8gycvxartrfgy4g9u9800w64gzvvrnhw6",1,"btc","0.15040586 BTC","$4,077.99",4077.99
"1437","bc1qumd4n2wez42r8fp5qxqtf2u8edn2vwsz3nt4a8",1,"btc","0.80045717 BTC","$21,703.01",21703.01
"1438","bc1quvgyrvxe97x7nh4cqyztwgszxgyhqmlyn59r7u",1,"btc","0.00281710 BTC","$76.38",76.38
"1439","bc1qve5e6jplj6806x70ssqdy3t87hanfysl6nan36",1,"btc","0.23121144 BTC","$6,268.90",6268.9
"1440","bc1qw9rmyxunyduuhgrmsy8fyl3aaplk8jhxwjxy26",1,"btc","0.00000000 BTC","$0.00",0
"1441","bc1qx7l4yfzle373q5rwr99v33l3s0t0c9dnfyqhgy",1,"btc",NA,NA,NA
"1442","bc1qx7p30yvsjqaq0k5gxqpl5qvqtv25ssv88v8878",1,"btc","0.16455784 BTC","$4,461.70",4461.7
"1443","bc1qxy2kgdygjrsqtzq2n0yrf2493p83kkfjhx0wlh",1,"btc",NA,NA,NA
"1444","bc1qz4m0r8l3qlmrpsu4stvlul085v3xx7lzgy9c99",1,"btc",NA,NA,NA
