"","domain","detected_language","fifteen_minutes","ulez","climate_lockdown","insect"
"1","15-minuten-stadt.de","de",1,NA,NA,NA
"2","1nce.com","de",NA,1,NA,NA
"3","2020news.de","de",NA,NA,2,NA
"4","21bites.it","it",NA,NA,NA,10
"5","21stcenturywire.com","en",1,1,NA,NA
"6","24auto.de","de",NA,NA,1,NA
"7","5glab.orange.com","fr",NA,13,NA,NA
"8","a","de",NA,4,NA,NA
"9","a-herman.net","de",NA,NA,NA,2
"10","a.msn.com","de",NA,NA,3,NA
"11","a.org","de",NA,NA,NA,1
"12","abbonamenti.byoblu.com","it",NA,NA,NA,1
"13","abbonati.byoblu.com","it",NA,NA,NA,1
"14","abc7.com","en",NA,1,NA,NA
"15","abcn.ws","it",NA,NA,NA,1
"16","abload.de","de",1,NA,NA,2
"17","abo.epochtimes.de","de",1,1,1,NA
"18","academic.oup.com","it",NA,NA,NA,5
"19","accanto.in","it",2,NA,2,NA
"20","acta-microscopica.org","it",NA,NA,NA,2
"21","actuforcesdelordre.fr","fr",NA,48,NA,NA
"22","actuqc","fr",NA,NA,1,NA
"23","actuqc.com","fr",NA,NA,1,NA
"24","afd-diepholz.de","de",NA,NA,NA,4
"25","afd.de","de",NA,NA,NA,2
"26","afipn.com.au","en",NA,NA,2,NA
"27","agendastad.nl","nl",NA,8,NA,NA
"28","agfundernews.com","de",NA,NA,NA,1
"29","agfundernews.com","en",NA,3,NA,2
"30","agra.org","it",NA,NA,NA,3
"31","aic.camera.it","it",NA,NA,NA,1
"32","akounamatata.tv","fr",NA,NA,2,NA
"33","alumni.skema.edu","fr",NA,3,NA,NA
"34","alz-journals.onlinelibrary.wiley.com","en",NA,NA,NA,1
"35","amazingpolly.net","en",NA,1,NA,NA
"36","amazon.com","fr",NA,NA,NA,1
"37","americanmind.org","it",1,1,NA,NA
"38","americasfrontlinedoctors.org","en",NA,8,NA,NA
"39","amg-news.com","nl",NA,NA,NA,1
"40","amp.abc.net.au","en",NA,3,NA,NA
"41","amp.smh.com.au","en",NA,NA,1,NA
"42","amp.welt.de","de",NA,NA,3,NA
"43","ana%c3%afstea","en",NA,NA,NA,1
"44","ana%c3%afstea","fr",4,8,4,6
"45","anchor.fm","de",10,NA,NA,NA
"46","andweknow.com","en",NA,1,NA,2
"47","andweknow.tv","en",NA,1,NA,2
"48","animalequality.it","it",NA,NA,NA,1
"49","anja-heitlinger.de","de",NA,2,NA,NA
"50","ansa.it","it",NA,2,NA,NA
"51","ansage.org","de",9,1,1,2
"52","aoe.amegroups.com","it",NA,NA,NA,3
"53","api.whatsapp.com","it",NA,1,NA,NA
"54","apolut.net","de",NA,3,NA,NA
"55","app.adjust.com","en",NA,2,NA,1
"56","app.getresponse.com","nl",NA,3,NA,NA
"57","app.mindpeace.eu","de",NA,NA,NA,1
"58","apple.news","it",NA,NA,NA,1
"59","architectsforsocialhousing.co.uk","en",NA,1,NA,NA
"60","archiv.okitalk.net","de",NA,2,NA,NA
"61","archive.fo","de",NA,NA,NA,1
"62","archive.is","de",2,3,NA,3
"63","archive.is","en",NA,4,NA,NA
"64","archive.is","it",NA,NA,NA,4
"65","archive.li","de",NA,NA,1,NA
"66","archive.org","en",NA,1,NA,NA
"67","archive.ph","de",1,3,8,4
"68","archive.vn","en",NA,17,NA,NA
"69","area.es","de",NA,1,NA,NA
"70","arrangement-group.de","de",NA,NA,3,NA
"71","articles.mercola.com","it",NA,1,NA,1
"72","aspirefg.com","en",NA,NA,NA,1
"73","aspirefg.com","fr",NA,NA,NA,1
"74","aspirefg.com","it",NA,NA,NA,1
"75","au.news.yahoo.com","en",NA,1,NA,NA
"76","auf1-tv.translate.goog","en",NA,NA,1,NA
"77","auf1.info","de",5,4,15,3
"78","auf1.tv","de",10,4,68,8
"79","australiansvstheagenda","en",NA,2,NA,NA
"80","australiansvstheagenda_","en",NA,NA,1,NA
"81","autocertificazioni","it",NA,NA,NA,1
"82","avanti.it","it",NA,NA,NA,2
"83","avia.pro","it",NA,NA,NA,2
"84","avvocatiliberi.legal","it",NA,1,NA,NA
"85","awakenedgb.wordpress.com","en",NA,1,NA,NA
"86","axelkra.us","de",NA,4,9,NA
"87","b4fa.org","en",NA,NA,NA,1
"88","babylonbee.com","de",NA,NA,NA,1
"89","babylonbee.com","it",NA,NA,NA,1
"90","banned.video","en",NA,1,1,NA
"91","bastyon.com","de",39,1,4,13
"92","bastyon.com","en",NA,NA,4,NA
"93","bastyon.com","fr",NA,NA,1,NA
"94","bathurstliveinvest.com.au","en",NA,2,NA,NA
"95","beckernews.com","en",NA,NA,NA,1
"96","beforeitsnews.com","nl",NA,NA,NA,1
"97","benefits.an","en",NA,NA,NA,1
"98","beppegrillo.it","it",NA,NA,NA,5
"99","bestnewshere.com","en",NA,1,NA,NA
"100","betaalverzoek.knab.nl","nl",1,NA,NA,NA
"101","betterwayconference.org","en",4,NA,NA,8
"102","bewusst.tv","de",NA,NA,NA,16
"103","bigbrotherawards.de","de",NA,3,NA,NA
"104","bigbrotherawards.de","it",NA,1,NA,NA
"105","bigbrotherwatch.org.uk","en",2,NA,NA,NA
"106","bigthink.com","en",NA,2,NA,2
"107","bild.de","de",18,NA,NA,2
"108","bio.site","en",6,NA,6,6
"109","bioagro.sostenibilita.enea.it","it",NA,NA,NA,7
"110","biologicaldiversity.org","en",NA,NA,NA,2
"111","biopharma-asia.com","it",NA,2,NA,NA
"112","bitchute.com","en",NA,1,NA,NA
"113","bitchute.com","nl",NA,NA,NA,1
"114","bitly.ws","en",1,NA,NA,NA
"115","bjax_","en",NA,1,NA,NA
"116","blaupause.tv","de",NA,1,2,2
"117","blog.kokopelli-semences.fr","fr",NA,NA,1,NA
"118","blog.mappy.com","fr",NA,1,NA,NA
"119","blogger.googleusercontent.com","de",NA,1,NA,NA
"120","blogs.scientificamerican.com","en",NA,NA,NA,4
"121","bluecollarboycott.com","en",4,NA,NA,NA
"122","boards.4chan.org","en",NA,NA,NA,1
"123","bookings.betterwayconference.org","en",1,NA,NA,1
"124","books.google.de","de",NA,NA,1,NA
"125","brandnewtube.com","fr",NA,NA,NA,2
"126","brepenseur.org","fr",NA,NA,2,2
"127","brescia.corriere.it","it",NA,NA,NA,4
"128","brighteon.com","en",NA,NA,NA,1
"129","brighteon.com","nl",NA,NA,NA,3
"130","brighteon.tv","nl",NA,NA,NA,1
"131","brightlightnews.com","en",NA,NA,NA,1
"132","bugfactory.co.uk","it",NA,NA,NA,1
"133","building.closeupengineering.it","it",NA,2,NA,NA
"134","businessguarantor.com","it",NA,NA,NA,3
"135","buzzing.substack.com","en",NA,NA,NA,1
"136","c.kop","de",NA,NA,NA,1
"137","c.kopp-verlag.de","de",NA,NA,NA,7
"138","c19ingannoglobale","it",NA,1,NA,3
"139","c40.my.salesforce.com","it",1,NA,NA,NA
"140","c40knowledgehub.org","en",1,NA,NA,NA
"141","ca.search.yahoo.com","en",1,NA,NA,NA
"142","cairnsnews.org","en",NA,4,NA,NA
"143","caldronpool.com","de",NA,NA,NA,2
"144","calmatters.org","fr",NA,NA,1,NA
"145","camdenlocalplanreview.commonplace.is","en",3,NA,NA,NA
"146","campsite.bio","de",NA,1,NA,NA
"147","cap-liberte.assoconnect.com","fr",NA,NA,NA,2
"148","carbonrobotics.com","en",NA,1,NA,NA
"149","cause.com.au","en",NA,2,NA,NA
"150","cdni.rt.com","de",NA,NA,NA,1
"151","ceet.unimelb.edu.au","de",NA,1,NA,NA
"152","cefalunews.org","it",NA,NA,NA,2
"153","cepi.net","en",NA,1,NA,NA
"154","cepi.net","it",NA,NA,NA,3
"155","ch.schreder.com","de",2,2,NA,NA
"156","change.org","it",NA,1,NA,NA
"157","chd.org","de",NA,1,NA,NA
"158","chd.org","en",3,5,NA,NA
"159","chd.tv","en",6,NA,NA,NA
"160","check.info","de",NA,NA,NA,8
"161","checkmatenews","de",20,20,4,62
"162","checkmatenews","en",NA,5,NA,NA
"163","checkmatenews.substack.com","de",20,21,4,62
"164","checkmatenews.substack.com","en",NA,5,NA,NA
"165","childrenshealthdefense.org","de",2,NA,NA,1
"166","childrenshealthdefense.org","en",6,NA,NA,NA
"167","childrenshealthdefense.org","it",1,3,NA,1
"168","chinatechmap.aspi.org.au","en",NA,18,NA,NA
"169","chloe_f","fr",NA,11,NA,NA
"170","chng.it","it",NA,1,NA,NA
"171","choses.et","fr",NA,NA,NA,3
"172","chrisskyforchange.com","en",1,NA,NA,NA
"173","christina-baum.berlin","de",NA,NA,NA,3
"174","cindymclaughlin.medium.com","it",1,NA,1,NA
"175","citi.io","fr",NA,2,NA,NA
"176","citynews-bresciatoday.stgy.ovh","it",NA,NA,NA,2
"177","civiteo.fr","fr",NA,3,NA,NA
"178","cliffordthurlow.com","en",NA,NA,NA,2
"179","climateandcapitalism.com","en",NA,NA,NA,1
"180","climatelockdown.com","de",NA,NA,39,NA
"181","co.uk","en",NA,2,NA,NA
"182","co.uk","it",NA,NA,NA,1
"183","coastalsafetygroup.com.au","en",NA,1,NA,NA
"184","cob.silverchair-cdn.com","en",NA,NA,NA,1
"185","cob.silverchair-cdn.com","nl",NA,NA,NA,1
"186","cogiito.com","fr",NA,NA,NA,2
"187","cointelegraph.com","en",NA,4,NA,NA
"188","collective-spark.xyz","en",NA,NA,NA,2
"189","comedonchisciotte.org","it",NA,NA,NA,1
"190","commercialobserver.com","it",3,3,NA,NA
"191","commission.europa.eu","it",NA,NA,NA,4
"192","community.americanpatriotsforum.com","en",NA,1,NA,NA
"193","compactmag.com","de",NA,NA,4,NA
"194","connectiv.events","de",NA,NA,5,NA
"195","conscience-du-peuple.blogspot.com","fr",NA,1,NA,NA
"196","constructionreviewonline.com","en",NA,1,NA,NA
"197","content.api.news","de",NA,1,NA,NA
"198","contrepropagande.fr","fr",NA,NA,1,NA
"199","cordis.europa.eu","it",NA,NA,NA,7
"200","corih.de","de",NA,NA,NA,2
"201","corodok.de","de",NA,1,NA,NA
"202","corona-ausschuss","de",NA,1,NA,NA
"203","corona-investigative-committee","nl",NA,1,NA,NA
"204","corona-transition.org","de",NA,2,NA,NA
"205","coronatransition.locals.com","de",3,7,NA,NA
"206","corriere.it","it",2,NA,NA,NA
"207","corrieredelveneto.corriere.it","it",2,NA,NA,NA
"208","council.ie","en",2,NA,NA,NA
"209","counterspinmedia.com","en",NA,2,NA,NA
"210","cpachungary.com","de",NA,NA,NA,6
"211","cricketone.asia","fr",NA,NA,NA,1
"212","critical-news.com","de",1,NA,NA,NA
"213","critical-news.de","de",2,NA,2,NA
"214","cryptobriefing.com","de",NA,NA,NA,3
"215","cutt.ly","de",NA,NA,NA,2
"216","cutt.ly","fr",NA,1,NA,NA
"217","d66.nl","nl",2,NA,NA,NA
"218","dailyclout.io","en",NA,18,NA,NA
"219","dailyexpose.uk","en",NA,NA,2,NA
"220","dailym.ai","it",NA,NA,NA,1
"221","dailymail.co.uk","en",NA,NA,NA,3
"222","dailysceptic.org","de",NA,NA,NA,2
"223","dailysceptic.org","en",NA,1,3,NA
"224","dailysceptic.org","it",6,6,6,NA
"225","darebioscience.com","de",NA,1,NA,NA
"226","data.climateemergency.uk","en",3,NA,NA,NA
"227","de.chabad.org","de",NA,2,NA,NA
"228","de.rt.com","de",NA,NA,167,6
"229","de.sott.net","de",NA,NA,NA,8
"230","de.wikipedia.org","de",16,2,4,7
"231","de.wikipedia.org","it",NA,1,NA,NA
"232","deagel.com","fr",1,NA,NA,NA
"233","deanderekrant.nl","nl",NA,2,NA,NA
"234","deepl.com","fr",1,NA,NA,NA
"235","deezer.page.link","de",NA,NA,NA,1
"236","defacto.media","de",NA,NA,NA,2
"237","delingpole.podbean.com","en",2,NA,NA,NA
"238","demo-info.at","de",NA,2,NA,NA
"239","demo.terminkalender.top","de",NA,2,NA,NA
"240","der-runde-tisch.com","de",NA,3,NA,NA
"241","derstatus.at","de",3,NA,1,1
"242","deutsche-wirtschafts-nachrichten.de","de",1,4,262,11
"243","devrijeomroep","nl",NA,4,NA,NA
"244","devrijeomroep.nl","nl",NA,2,NA,NA
"245","dicendo.ma","it",NA,NA,NA,1
"246","die-stadtgestalter.de","de",17,5,1,NA
"247","dieunbestechlichen.com","de",NA,NA,NA,5
"248","diginet-ps.de","de",NA,1,NA,NA
"249","digitalcommons.law.scu.edu","en",NA,1,NA,NA
"250","dinarchronicles.com","de",4,NA,NA,9
"251","dipbt.bundestag.de","it",NA,1,NA,NA
"252","diritti.xyz","it",NA,2,NA,NA
"253","dirkdietrich.substack.com","de",1,NA,NA,NA
"254","disclose.tv","it",NA,NA,NA,7
"255","disinformazione.it","it",4,NA,6,NA
"256","disq.us","en",NA,NA,1,NA
"257","dissident.one","nl",NA,NA,1,2
"258","dissolvingillusions.com","en",NA,NA,NA,1
"259","dlive.tv","de",NA,NA,NA,2
"260","dlive.tv","en",NA,22,4,NA
"261","dockets.justia.com","en",NA,1,NA,NA
"262","docs.google.com","en",NA,9,NA,NA
"263","documents.ottawa.ca","en",NA,13,NA,NA
"264","doi.org","it",NA,NA,NA,20
"265","dok.de","de",NA,1,NA,NA
"266","dona.byoblu.com","it",NA,NA,NA,2
"267","donate.raisenow.io","de",3,5,1,NA
"268","doncurzionitoglia.wordpress.com","it",NA,NA,NA,3
"269","donorbox.org","de",7,NA,NA,NA
"270","dossier.substack.com","fr",NA,NA,NA,6
"271","dq271.isrefer.com","en",16,28,12,7
"272","dr.christinabaum","de",NA,NA,NA,2
"273","drive.google.com","en",NA,NA,2,NA
"274","drseuch","de",NA,NA,NA,4
"275","dzaleu.net","fr",NA,1,NA,NA
"276","e.com","de",NA,NA,NA,2
"277","eandt.theiet.org","en",NA,NA,NA,1
"278","earth.org","fr",NA,2,NA,NA
"279","earthconstitution.world","en",NA,1,NA,NA
"280","eatforum.org","it",NA,NA,NA,1
"281","eatsmallgiants.com","it",NA,NA,NA,2
"282","ebl.tv","it",NA,NA,NA,1
"283","ec.europa.eu","de",2,4,1,NA
"284","ec.europa.eu","en",NA,6,NA,1
"285","ec.europa.eu","fr",NA,NA,NA,1
"286","ec.europa.eu","it",NA,NA,NA,4
"287","echo24.de","de",NA,NA,NA,2
"288","economist.com","en",NA,4,NA,NA
"289","edition.cnn.com","en",NA,7,NA,NA
"290","edition.cnn.com","fr",NA,NA,NA,3
"291","edition.cnn.com","it",NA,NA,1,2
"292","edmonton.ca","en",1,NA,NA,NA
"293","ednh.news","it",NA,NA,NA,1
"294","efahrer.chip.de","de",NA,NA,4,NA
"295","ehq-production-europe.s3.eu-west-1.amazonaws.com","en",NA,2,NA,NA
"296","ehq-production-europe.s3.eu-west-1.amazonaws.com","it",2,NA,2,NA
"297","ehrmann.de","de",NA,NA,NA,8
"298","eike-klima-energie.eu","de",NA,NA,1,NA
"299","elpais.com","it",NA,1,NA,NA
"300","emfkeepers.co.il","en",NA,20,NA,NA
"301","en.globes.co.il","en",NA,1,NA,NA
"302","en.m.wikipedia.org","de",NA,NA,NA,13
"303","en.m.wikipedia.org","en",NA,22,NA,NA
"304","en.m.wikipedia.org","fr",NA,NA,2,NA
"305","en.m.wikipedia.org","nl",1,NA,NA,2
"306","en.mercopress.com","en",NA,1,NA,NA
"307","en.wikipedia.org","en",NA,7,NA,2
"308","en.wikipedia.org","it",12,NA,5,NA
"309","en.wikipedia.org","nl",NA,1,NA,NA
"310","encrypted-tbn0.gstatic.com","it",NA,NA,NA,4
"311","engineering.berkeley.edu","en",NA,NA,NA,3
"312","engineering.berkeley.edu","nl",NA,NA,NA,1
"313","english.alarabiya.net","it",NA,NA,NA,3
"314","entropystream.live","en",NA,1,3,NA
"315","ept.ms","de",NA,NA,1,NA
"316","ept.ms","en",NA,2,NA,4
"317","ept.ms","it",NA,2,NA,NA
"318","essentialorganics.me","en",NA,NA,NA,20
"319","essento.ch","it",NA,NA,NA,1
"320","eu.azcentral.com","it",NA,3,NA,NA
"321","eu.usatoday.com","en",NA,NA,NA,2
"322","eur-lex.europa.eu","de",NA,NA,NA,174
"323","eur-lex.europa.eu","en",NA,1,NA,17
"324","eur-lex.europa.eu","fr",NA,NA,NA,68
"325","eur-lex.europa.eu","it",NA,NA,NA,21
"326","eur-lex.europa.eu","nl",NA,NA,NA,14
"327","eva-herman.net","de",NA,18,NA,NA
"328","evahermanoffiziell","de",NA,11,NA,2
"329","eventbrite.co.uk","en",NA,1,NA,NA
"330","events.humanitix.com","en",NA,1,NA,NA
"331","evideon-daily.blogspot.com","en",NA,NA,2,NA
"332","excaliburtraduction","en",NA,1,NA,8
"333","excaliburtraduction","fr",NA,107,NA,50
"334","exoconscience.com","fr",NA,4,NA,10
"335","expose-news.com","en",1,1,NA,NA
"336","expose-news.com","fr",1,1,1,NA
"337","expose-news.com","it",NA,NA,1,NA
"338","express.co.uk","en",NA,2,3,4
"339","external-dus1-1.xx.fbcdn.net","de",NA,NA,NA,1
"340","exxpress-at.translate.goog","fr",NA,NA,NA,1
"341","exxpress.at","de",NA,2,NA,20
"342","exxpress.at","it",NA,NA,NA,3
"343","fahrenheit2022.it","it",NA,1,NA,3
"344","faktenfriedenfreiheit","de",NA,NA,NA,2
"345","fanlink.to","fr",2,2,NA,1
"346","favoledellabuonanotte.com","de",NA,NA,NA,1
"347","favoledellabuonanotte.com","en",NA,NA,NA,1
"348","favoledellabuonanotte.com","it",NA,NA,NA,5
"349","favorflav.com","en",NA,NA,NA,1
"350","fb.watch","de",NA,1,NA,NA
"351","fb.watch","en",NA,3,NA,NA
"352","fb.watch","it",NA,1,NA,NA
"353","fd.nl","nl",NA,NA,NA,1
"354","fedup.com.au","en",NA,NA,NA,1
"355","feedproxy.google.com","it",NA,NA,NA,1
"356","fetchrss.com","de",NA,NA,NA,1
"357","finance.yahoo.com","en",NA,1,NA,NA
"358","finbold.com","de",NA,NA,NA,9
"359","flip.it","it",NA,2,NA,NA
"360","flore.il","fr",2,NA,NA,NA
"361","foe.org","it",NA,NA,NA,3
"362","food.ec.europa.eu","it",NA,NA,NA,9
"363","forbes.com","fr",1,NA,NA,NA
"364","forumspb.com","en",NA,2,NA,NA
"365","fppn.biomedcentral.com","it",NA,NA,NA,3
"366","fr.euronews.com","fr",2,NA,2,NA
"367","fr.irefeurope.org","fr",NA,5,NA,NA
"368","fr.m.wikipedia.org","fr",NA,3,NA,4
"369","fr.news.yahoo.com","fr",NA,NA,2,NA
"370","fr.scribd.com","fr",NA,3,NA,NA
"371","fr.sott.net","fr",NA,2,2,4
"372","fr.tipeee.com","fr",NA,NA,NA,10
"373","fr.weforum.org","fr",2,2,NA,NA
"374","fr.wikipedia.org","en",NA,2,NA,NA
"375","fr.wikipedia.org","fr",NA,5,NA,NA
"376","francais.rt.com","fr",NA,1,NA,NA
"377","france.representation.ec.europa.eu","fr",NA,NA,NA,2
"378","freedom.org","en",1,1,NA,NA
"379","freeflixnow.com","en",NA,NA,NA,1
"380","freewestmedia.com","it",NA,NA,NA,1
"381","freeworldnews.us","de",NA,NA,NA,1
"382","freie-medien.tv","de",NA,NA,59,1
"383","freiemedien","de",56,NA,NA,16
"384","freiemedien.substack.com","de",29,3,39,10
"385","freiheitsfunken.info","de",NA,NA,NA,9
"386","fromthetrenchesworldreport.com","de",NA,NA,NA,3
"387","fromthetrenchesworldreport.com","en",NA,NA,NA,1
"388","fromthetrenchesworldreport.com","it",NA,NA,NA,1
"389","fromthetrenchesworldreport.com","nl",NA,NA,NA,1
"390","fucibo.com","it",NA,NA,NA,15
"391","fuellmich.com","de",NA,5,NA,NA
"392","futurehuman.medium.com","it",NA,NA,NA,3
"393","futurevistasreports.myshopify.com","it",NA,NA,2,NA
"394","futurism.com","de",NA,NA,NA,2
"395","futurism.com","en",NA,NA,NA,2
"396","fwapuk","en",2,NA,NA,NA
"397","g.co","it",NA,NA,NA,6
"398","gab.com","de",4,5,3,1
"399","gab.com","en",20,41,15,21
"400","gatesnotes.com","en",NA,1,NA,NA
"401","gbnews","en",NA,NA,NA,2
"402","gegenstimme.tv","de",NA,4,NA,NA
"403","gemuesehof.jimdo.com","de",NA,NA,NA,2
"404","gendarmeriehommage.blogspot.com","fr",NA,17,NA,NA
"405","gerardscheller.ch","fr",NA,12,NA,NA
"406","gettr.com","de",54,39,22,93
"407","gettr.com","en",20,63,4,16
"408","gettr.com","fr",NA,33,NA,25
"409","gezondverstand.eu","nl",2,NA,NA,2
"410","giftamhimmel.de","de",NA,2,NA,NA
"411","giornaledicattolica.com","it",NA,1,NA,NA
"412","giubberosse.news","it",NA,3,NA,26
"413","globalchronicles.info","it",1,5,NA,NA
"414","globalcommunityweekly.substack.com","en",NA,1,NA,NA
"415","globalr-evolution.blogspot.com","it",NA,NA,NA,1
"416","globalwalkout.com","en",NA,NA,2,NA
"417","gloria.tv","it",NA,NA,NA,1
"418","go.byoblu.com","it",NA,NA,NA,2
"419","go.getproton.me","en",NA,NA,NA,1
"420","goo.gl","it",NA,4,NA,NA
"421","gouv.fr","fr",NA,4,NA,NA
"422","gov.uk","en",NA,2,NA,NA
"423","gov2071.worldgovernmentsummit.org","en",NA,1,NA,NA
"424","graphene-flagship.eu","fr",NA,4,NA,NA
"425","grasshopper17tafkag","en",NA,NA,NA,13
"426","grasshopper17tafkag","fr",NA,NA,NA,1
"427","greatawakening.world","en",9,3,5,8
"428","greatbritishbird","en",NA,3,2,1
"429","greatercities.au","en",NA,1,NA,NA
"430","greatgameindia.com","it",NA,NA,NA,2
"431","greatgameindia.com","nl",NA,NA,NA,1
"432","group.pingan.com","en",NA,4,NA,NA
"433","groupdiscover.com","en",NA,1,NA,NA
"434","gsc-public-1.s3.amazonaws.com","en",NA,1,NA,NA
"435","guarda.davvero.tv","it",NA,NA,NA,1
"436","guidominciotti.blog.ilsole24ore.com","fr",NA,NA,NA,1
"437","gut.com","de",NA,1,NA,NA
"438","halturnerradioshow.com","de",NA,NA,NA,6
"439","hamburg2040.de","de",1,1,1,NA
"440","haveyoursay.coffsharbour.nsw.gov.au","en",NA,1,NA,NA
"441","hbr.org","en",NA,4,NA,NA
"442","healthimpactnews.com","de",NA,1,NA,NA
"443","healthimpactnews.com","fr",NA,1,NA,NA
"444","healthpolicy-watch.news","fr",NA,2,NA,NA
"445","heinonline.org","it",NA,NA,NA,3
"446","helenair.com","en",NA,5,NA,NA
"447","hellohelloinfo","fr",NA,6,NA,6
"448","heritageparty.org","en",1,1,NA,NA
"449","hgut.de","de",NA,NA,7,NA
"450","hnmda.nl","nl",1,NA,NA,NA
"451","holdup-lefilm.com","fr",NA,NA,2,NA
"452","holisticpetcare.com","en",NA,NA,NA,1
"453","holistischegesundheitheilungundaufkl%c3%a4rung","de",NA,18,NA,NA
"454","holistischesmatrixdenken","de",NA,9,NA,NA
"455","home.kpmg","fr",NA,3,NA,NA
"456","horizoninsects.co.uk","it",NA,NA,NA,6
"457","horizons.gc.ca","fr",1,NA,NA,NA
"458","houston.novusagenda.com","en",NA,1,NA,NA
"459","hugotalks","de",NA,2,NA,NA
"460","humansarefree.com","de",NA,NA,NA,3
"461","i.4cdn.org","en",NA,NA,NA,1
"462","i.pinimg.com","en",NA,NA,NA,1
"463","i0.wp.com","it",1,NA,1,NA
"464","i0.wp.com","nl",NA,NA,NA,1
"465","ia801702.us.archive.org","it",6,NA,NA,NA
"466","iatranshumanisme.com","fr",NA,4,NA,NA
"467","ici.radio-canada.ca","fr",NA,NA,NA,3
"468","id.me","en",NA,5,NA,NA
"469","id2020.org","en",NA,1,NA,NA
"470","id2020.org","it",NA,1,NA,NA
"471","idio.us","de",NA,1,NA,NA
"472","ift.onlinelibrary.wiley.com","it",NA,NA,NA,10
"473","ift.tt","de",NA,3,5,10
"474","ift.tt","en",NA,NA,2,NA
"475","ift.tt","it",NA,NA,14,NA
"476","ignorance.eu","de",NA,3,NA,NA
"477","ilfattoalimentare.it","it",NA,NA,NA,1
"478","ilglobo.com","it",NA,1,NA,NA
"479","illienglobal.com","en",NA,1,NA,NA
"480","ilmattino.it","it",NA,7,NA,1
"481","ilnazionale.it","it",NA,1,NA,NA
"482","ilsole24ore.com","it",NA,6,NA,1
"483","img.theepochtimes.com","en",NA,NA,NA,1
"484","immobilier.lefigaro.fr","fr",NA,2,NA,NA
"485","inews.co.uk","it",NA,NA,NA,1
"486","info-direkt.eu","de",NA,NA,1,NA
"487","infowars.com","nl",NA,NA,NA,1
"488","infrastructuremagazine.com.au","fr",NA,1,NA,NA
"489","inlandrail.artc.com.au","en",NA,1,NA,NA
"490","innovazione.tiscali.it","it",NA,NA,NA,3
"491","insektenwirtschaft.de","de",NA,NA,NA,1
"492","insidertvnews","de",NA,NA,2,NA
"493","insolentiae.com","fr",NA,NA,NA,2
"494","instructionalseries.tki.org.nz","it",NA,NA,NA,1
"495","intelilight.eu","de",NA,2,NA,NA
"496","interessantetijden.nl","nl",NA,3,1,NA
"497","interestingengineering.com","en",NA,NA,NA,2
"498","interestingengineering.com","nl",NA,NA,NA,1
"499","internetofbusiness.com","en",NA,NA,NA,2
"500","intl.ibtimes.com","en",NA,NA,2,NA
"501","invidio.us","de",NA,2,NA,NA
"502","invidious.tube","de",NA,NA,1,NA
"503","iopscience.iop.org","it",NA,NA,NA,1
"504","iowaclimate.org","de",2,NA,2,NA
"505","iowaclimate.org","en",9,2,9,NA
"506","iowaclimate.org","fr",8,NA,9,NA
"507","iowaclimate.org","it",6,1,6,NA
"508","irbsupremecouncil.ie","en",1,NA,NA,NA
"509","irishlightpaper.com","en",NA,1,NA,NA
"510","is.gd","de",12,NA,1,1
"511","ishort.ink","de",NA,NA,4,NA
"512","it.euronews.com","it",4,4,NA,NA
"513","it.preparer-les-concours.com","it",NA,NA,NA,1
"514","it.topcarnews.net","it",NA,1,NA,NA
"515","it.wikipedia.org","en",NA,NA,2,NA
"516","it.wikipedia.org","it",21,1,NA,9
"517","italia.ma","it",NA,2,NA,NA
"518","italiani.la","it",NA,2,NA,NA
"519","jamesdelingpolechannel","en",NA,1,NA,NA
"520","janet13","fr",NA,5,NA,NA
"521","jdrucker.substack.com","fr",NA,NA,NA,1
"522","jensen.nl","nl",NA,2,NA,NA
"523","jermwarfare.com","en",2,7,NA,NA
"524","jermwarfare.com","it",NA,1,NA,NA
"525","joannenova.com.au","nl",NA,NA,1,NA
"526","johnnycocaine","en",1,NA,NA,NA
"527","jonathanmccormack.medium.com","en",NA,NA,NA,1
"528","journalistenwatch.com","de",7,NA,9,3
"529","journals.plos.org","en",NA,NA,NA,1
"530","journals.plos.org","it",NA,NA,NA,3
"531","journeywithjanis","en",NA,1,NA,NA
"532","juicing-for-health.com","en",NA,NA,NA,1
"533","jungefreiheit.de","de",NA,NA,2,2
"534","junkscience.com","de",NA,NA,1,NA
"535","just-now.news","de",NA,NA,1,1
"536","karlsruhe.digital","de",NA,1,NA,NA
"537","katharina_vom_tanneneck","de",NA,NA,NA,2
"538","kenfm.de","de",NA,2,NA,NA
"539","kla.tv","de",1,15,NA,NA
"540","kla.tv","fr",4,NA,NA,NA
"541","ko-fi.com","en",NA,NA,NA,1
"542","kontrafunk.radio","de",NA,NA,NA,2
"543","koreajoongangdaily.joins.com","en",NA,3,NA,NA
"544","krekerij.nl","en",NA,NA,NA,1
"545","krisrennt","de",NA,1,NA,NA
"546","kst2022.nrw","de",NA,NA,1,NA
"547","kultur-zentner.de","de",NA,NA,59,NA
"548","kurier.at","de",NA,NA,9,NA
"549","kurzelinks.de","de",1,2,1,3
"550","kurzelinks.de","en",NA,1,NA,NA
"551","lactudissidente.com","fr",NA,NA,2,NA
"552","landreport.com","it",NA,3,NA,NA
"553","landverraad.de","nl",NA,NA,NA,1
"554","lantidiplomatico.it","it",NA,NA,NA,2
"555","lanuovabq.it","it",3,3,NA,1
"556","laquintacolumnainternational","de",NA,NA,NA,7
"557","laquintacolumnainternational","en",NA,NA,NA,2
"558","laquintacolumnainternational","it",NA,NA,NA,4
"559","lauratowler","en",NA,NA,1,NA
"560","lavoixdugendarme.fr","fr",NA,48,NA,NA
"561","leblogalupus.com","de",NA,NA,1,NA
"562","lecodellitorale.it","it",1,NA,NA,NA
"563","legitim-ch.translate.goog","de",NA,NA,NA,1
"564","legitim.ch","de",NA,NA,NA,2
"565","lemediaen442.fr","de",NA,1,NA,NA
"566","lenta.ru","de",NA,NA,NA,1
"567","leohohmann.com","en",NA,4,NA,NA
"568","leohohmann.com","fr",NA,3,NA,NA
"569","lessor.org","fr",NA,29,NA,NA
"570","letstalk.oxfordshire.gov.uk","de",2,NA,NA,NA
"571","letstalk.oxfordshire.gov.uk","it",1,NA,NA,1
"572","lettheuklive.com","en",NA,2,NA,NA
"573","liberateliverpool","en",6,NA,NA,NA
"574","liberateliverpool.org","en",2,1,NA,NA
"575","libertariantorch","en",1,11,NA,NA
"576","libre-media.com","fr",2,NA,2,NA
"577","liebeisstleben.net","de",NA,1,NA,NA
"578","lilianeheldkhawam.com","fr",NA,16,NA,3
"579","link-tube.com","en",NA,NA,NA,1
"580","link.springer.com","it",NA,NA,NA,9
"581","link.theepochtimes.com","en",NA,2,NA,NA
"582","linktr.ee","de",11,NA,NA,46
"583","linktr.ee","en",2,1,NA,7
"584","littlesis.org","en",NA,1,NA,1
"585","livable.org","en",NA,1,NA,NA
"586","live.childrenshealthdefense.org","de",30,3,NA,NA
"587","live.childrenshealthdefense.org","en",19,16,NA,NA
"588","live.childrenshealthdefense.org","fr",2,NA,2,NA
"589","live.childrenshealthdefense.org","it",1,NA,NA,NA
"590","lmy.de","de",NA,NA,NA,1
"591","lobstr.co","en",NA,4,NA,NA
"592","loretoopencommunity.com","it",1,NA,NA,NA
"593","loupfunds.com","en",NA,6,NA,NA
"594","loupventures","en",NA,2,NA,NA
"595","lumenradio.com","de",NA,2,NA,NA
"596","lvcianosvrace.it","it",NA,NA,NA,1
"597","lydia-app.com","fr",NA,1,NA,4
"598","m.bild.de","de",1,NA,21,2
"599","m.bild.de","fr",NA,NA,NA,1
"600","m.economictimes.com","en",NA,NA,NA,1
"601","m.elewa.org","it",NA,NA,NA,3
"602","m.faz.net","de",NA,NA,5,NA
"603","m.focus.de","de",7,1,2,2
"604","m.theepochtimes.com","de",NA,NA,2,NA
"605","maajidnawaz","en",2,NA,2,NA
"606","madmaxworld.tv","de",NA,1,NA,NA
"607","madmaxworld.tv","en",NA,2,NA,NA
"608","madmaxworld.tv","fr",NA,1,NA,NA
"609","madmaxworld.tv","nl",NA,1,NA,NA
"610","maghrebantinwo","fr",NA,1,NA,NA
"611","mailchi.mp","nl",1,NA,NA,NA
"612","markcollett","en",NA,1,2,NA
"613","marketsubset.com","de",NA,NA,NA,13
"614","marketsubset.com","en",NA,11,NA,NA
"615","marktaliano.net","nl",NA,NA,NA,1
"616","marsactu.fr","fr",NA,3,NA,NA
"617","marticular.net","de",NA,NA,NA,1
"618","martinsellner","de",NA,NA,NA,3
"619","meconstructionnews.com","en",NA,1,NA,NA
"620","medium.com","en",NA,1,NA,NA
"621","meetkai.com","en",NA,4,NA,NA
"622","mena.nl","nl",NA,NA,NA,1
"623","mercola.com","de",NA,NA,NA,1
"624","merkur.de","de",NA,NA,NA,2
"625","metro.co.uk","de",NA,NA,NA,1
"626","metro.co.uk","en",NA,NA,NA,2
"627","metro.co.uk","fr",NA,NA,NA,2
"628","miamism.com","it",3,NA,NA,NA
"629","michael-mannheimer.net","de",NA,NA,13,NA
"630","milano.corriere.it","en",NA,1,NA,NA
"631","milano.repubblica.it","it",NA,NA,NA,4
"632","mindpeace.eu","de",NA,NA,NA,1
"633","miriaf.co.uk","en",1,NA,NA,NA
"634","missivemiri","en",1,NA,NA,NA
"635","moeten.in","nl",NA,NA,NA,1
"636","molcellped.springeropen.com","de",NA,NA,NA,3
"637","money.cnn.com","en",NA,1,NA,NA
"638","multinationales.org","fr",NA,NA,2,NA
"639","multipolar-magazin.de","de",NA,NA,1,NA
"640","mummyanglais.wordpress.com","de",NA,2,NA,NA
"641","mummyanglais.wordpress.com","en",NA,3,NA,NA
"642","music.amazon.de","de",8,NA,NA,NA
"643","mypatriotsnetwork.com","fr",NA,NA,NA,1
"644","na.vision2030.gov.sa","en",NA,1,NA,NA
"645","nation.cymru","en",2,NA,NA,NA
"646","nationalfile-com.translate.goog","de",NA,NA,NA,1
"647","nationalfile.com","de",NA,NA,80,NA
"648","nationalfile.com","en",NA,1,NA,NA
"649","nationalism_today","fr",NA,1,NA,NA
"650","nationalpost.com","en",NA,NA,NA,1
"651","naturalnews.com","en",NA,NA,NA,1
"652","naturalnews.com","fr",NA,NA,NA,2
"653","naturalnews.com","it",NA,NA,NA,4
"654","naturalnews.com","nl",NA,NA,NA,1
"655","naturalsociety.com","de",NA,NA,NA,6
"656","nclurbandesign.org","en",1,NA,NA,NA
"657","nemosnewsnetwork.com","en",NA,NA,NA,2
"658","neoprometheus.org","it",NA,4,NA,2
"659","netzfrauen.org","de",1,NA,NA,2
"660","neuzeitnachrichten","de",10,1,NA,3
"661","neuzeitnachrichten.substack.com","de",10,1,NA,3
"662","new.euro-med.dk","de",NA,1,NA,NA
"663","news-for-friends.de","de",NA,1,NA,NA
"664","news.com.au","de",1,1,NA,NA
"665","news.com.au","en",1,1,NA,NA
"666","news.liverpool.ac.uk","en",2,NA,NA,NA
"667","news.mit.edu","de",NA,2,NA,NA
"668","news.oxfordshire.gov.uk","en",NA,NA,2,NA
"669","news.oxfordshire.gov.uk","it",3,3,NA,NA
"670","news.ru","de",NA,NA,NA,1
"671","news.un.org","en",NA,NA,NA,1
"672","news.yahoo.com","de",NA,NA,NA,2
"673","news_fist","en",NA,NA,3,NA
"674","newsclapper.com","en",NA,3,1,4
"675","newsfeed.time.com","it",NA,NA,NA,1
"676","newspunch.com","de",8,2,NA,16
"677","newspunch.com","en",2,NA,2,NA
"678","newspunch.com","fr",NA,NA,1,17
"679","newspunch.com","it",1,NA,NA,4
"680","niburu.co","nl",NA,NA,6,NA
"681","nieuwscheckers.nl","nl",NA,NA,2,NA
"682","ninefornews.nl","nl",NA,1,NA,NA
"683","nitter.net","de",1,NA,NA,NA
"684","nl.m.wikipedia.org","en",NA,1,NA,NA
"685","nl.m.wikipedia.org","nl",NA,8,1,NA
"686","nl.wikipedia.org","nl",NA,NA,1,33
"687","nordkurier.de","de",NA,NA,2,NA
"688","nos.nl","nl",NA,NA,5,NA
"689","notoschoolsbill.uk","en",NA,6,NA,NA
"690","notourfuture","en",1,NA,NA,NA
"691","notourfuture.org","en",34,NA,NA,NA
"692","notourfuture.org","fr",1,NA,NA,NA
"693","notourfuture.org","nl",1,NA,NA,NA
"694","notrickszone.com","en",NA,NA,4,NA
"695","nrep.com","it",3,3,NA,NA
"696","nsw.gov.au","en",NA,1,NA,NA
"697","nu.nl","nl",NA,NA,2,2
"698","nulluslocussinegenio.com","en",NA,3,NA,NA
"699","numerologist.com","en",NA,NA,NA,3
"700","ny.eater.com","de",NA,NA,NA,6
"701","nyc.gov","it",2,2,NA,NA
"702","nymag.com","de",NA,1,NA,NA
"703","nypost.com","de",NA,NA,59,1
"704","nypost.com","en",NA,NA,NA,11
"705","nypost.com","fr",NA,NA,NA,1
"706","nypost.com","it",NA,2,NA,3
"707","ocals.com","de",NA,2,NA,NA
"708","ochtimes.com","en",NA,NA,NA,1
"709","odysee.com","de",NA,NA,NA,2
"710","odysee.com","fr",17,NA,NA,NA
"711","off-guardian.org","de",NA,NA,1,NA
"712","off-guardian.org","en",NA,NA,NA,1
"713","olivierdemeulenaere.wordpress.com","fr",NA,5,NA,NA
"714","oltrelalinea.news","it",NA,NA,1,NA
"715","om.de","nl",NA,NA,NA,1
"716","onemanreports","en",NA,1,NA,NA
"717","onlinelibrary.wiley.com","en",NA,NA,NA,3
"718","onlinelibrary.wiley.com","it",NA,NA,5,3
"719","onlinelibrary.wiley.com","nl",NA,NA,NA,1
"720","op.europa.eu","it",3,NA,NA,NA
"721","open.spotify.com","de",8,NA,NA,NA
"722","open.spotify.com","en",NA,2,NA,NA
"723","opr.news","de",NA,NA,1,1
"724","orf.at","de",NA,1,NA,NA
"725","org.uk","en",4,2,1,NA
"726","ottaviabellia.it","it",NA,NA,NA,3
"727","outube.com","it",NA,NA,NA,1
"728","ovc.uoguelph.ca","it",5,NA,NA,NA
"729","p.es","it",NA,NA,NA,1
"730","p.rs","it",NA,NA,NA,1
"731","pagesix.com","de",NA,NA,NA,5
"732","palexander.substack.com","nl",NA,NA,NA,1
"733","par.nsf.gov","de",NA,2,NA,NA
"734","parler.com","de",4,5,3,1
"735","parlinfo.aph.gov.au","en",NA,4,NA,NA
"736","patents.google.com","en",NA,NA,NA,2
"737","patents.google.com","fr",NA,2,NA,13
"738","patents.google.com","it",3,3,NA,NA
"739","patentscope.wipo.int","de",NA,2,NA,NA
"740","patentscope.wipo.int","fr",NA,6,NA,NA
"741","patrioticalternative.org.uk","en",4,NA,NA,NA
"742","patriotpetition.org","de",NA,NA,1,NA
"743","paypal.me","de",3,7,NA,4
"744","pdfhost.io","en",NA,1,NA,NA
"745","petersweden.substack.com","de",NA,NA,NA,2
"746","petities.nl","nl",NA,2,NA,NA
"747","petition.parliament.uk","en",NA,27,NA,NA
"748","petizioni.italexit.it","it",NA,NA,NA,2
"749","petjeaf.com","nl",NA,NA,NA,1
"750","pflegeethik-initiative.de","de",NA,NA,2,NA
"751","pgibertie.com","en",NA,NA,NA,1
"752","pharos.stiftelsen-pharos.org","fr",NA,1,NA,NA
"753","philanthropynewsdigest.org","it",NA,NA,NA,3
"754","philosophia-perennis.com","de",NA,NA,NA,1
"755","pic.twitter.com","de",NA,NA,NA,1
"756","pic.twitter.com","it",NA,NA,NA,1
"757","pilled.net","en",1,NA,NA,NA
"758","pitchbook.com","it",NA,NA,NA,1
"759","pjmedia.com","en",NA,NA,NA,1
"760","plastichead.com","en",1,NA,NA,NA
"761","play.google.com","de",NA,1,NA,11
"762","pleiteticker.de","de",NA,NA,NA,7
"763","pochtimes.com","it",NA,NA,NA,1
"764","podcasts.apple.com","de",NA,NA,NA,1
"765","podcasts.google.com","de",NA,NA,NA,1
"766","police-pour-la-verite.org","fr",NA,1,NA,NA
"767","politaia.org","de",NA,NA,NA,1
"768","politicalmoonshine.com","en",NA,NA,1,NA
"769","politicalmoonshine.substack.com","en",NA,NA,1,NA
"770","politikstube.com","de",3,NA,1,NA
"771","portalebambini.it","it",NA,NA,NA,4
"772","possibility.teledyneimaging.com","de",NA,5,NA,NA
"773","possibility.teledyneimaging.com","en",NA,3,NA,NA
"774","posteo.ch","de",NA,1,NA,NA
"775","pravda-tv.com","de",NA,NA,3,NA
"776","pressefreiheit.rtde.live","de",NA,NA,NA,12
"777","preventgenocide2030.org","en",NA,NA,NA,3
"778","primalsurvivor.com","en",NA,NA,NA,1
"779","primamerate.it","it",NA,1,NA,NA
"780","primolevicenter.org","en",2,NA,NA,NA
"781","profiles.biocentury.com","it",NA,2,NA,NA
"782","protix.eu","nl",NA,NA,NA,1
"783","proveg.com","de",NA,NA,NA,1
"784","prvcy.world","de",NA,1,NA,NA
"785","public.substack.com","it",NA,NA,NA,1
"786","public.wmo.int","fr",NA,1,NA,NA
"787","pubmed.ncbi.nlm.nih.gov","en",NA,NA,NA,23
"788","pubmed.ncbi.nlm.nih.gov","it",NA,NA,NA,185
"789","pubmed.ncbi.nlm.nih.gov","nl",NA,NA,NA,2
"790","qalerts.app","en",NA,NA,NA,7
"791","qlobalchange-substack-com.translate.goog","de",NA,NA,NA,1
"792","qlobalchange.substack.com","de",NA,NA,NA,4
"793","qnet17","de",NA,NA,10,2
"794","qnet17","en",NA,NA,1,NA
"795","qnet17.cc","de",NA,NA,17,2
"796","qnet17.cc","en",NA,NA,1,NA
"797","qpp.life","en",NA,1,NA,1
"798","qsi.xmint.io","en",NA,1,NA,NA
"799","quitefrankly.tv","en",1,NA,NA,NA
"800","qz.com","de",NA,1,NA,NA
"801","qz.com","en",NA,NA,NA,1
"802","rabbitresearch","de",9,8,NA,78
"803","rabbitresearch.substack.com","de",9,6,NA,102
"804","radio-quebec","fr",NA,NA,NA,2
"805","rairfoundation.com","en",NA,6,NA,NA
"806","rairfoundation.com","fr",NA,2,NA,NA
"807","rairfoundation.com","nl",NA,3,NA,NA
"808","ravda-tv.com","de",1,NA,NA,NA
"809","realredelephants","en",NA,NA,1,NA
"810","rebellion.global","fr",NA,NA,NA,6
"811","rebelne.ws","en",NA,NA,NA,1
"812","rebelne.ws","fr",NA,NA,NA,1
"813","reclaimthenet.org","de",1,3,NA,NA
"814","reclaimthenet.org","en",NA,11,NA,NA
"815","redpill.north","de",1,NA,NA,NA
"816","redpillliving.com","en",NA,NA,NA,1
"817","regnum.ru","it",NA,NA,NA,2
"818","reitschuster.de","de",1,NA,667,10
"819","religiosa.il","it",NA,NA,NA,1
"820","report.ipcc.ch","en",2,NA,NA,NA
"821","report24-news.translate.goog","de",2,NA,NA,5
"822","report24.news","de",32,5,125,104
"823","report24.news","en",NA,NA,2,NA
"824","reports.weforum.org","en",NA,1,NA,NA
"825","researchbriefings.files.parliament.uk","en",NA,2,NA,NA
"826","reseauinternational.net","fr",1,8,NA,NA
"827","resilientcitiesnetwork.org","fr",NA,4,NA,NA
"828","reut.rs","de",NA,NA,2,NA
"829","riendenouveausouslesoleil","fr",NA,4,NA,NA
"830","rmc.bfmtv.com","fr",NA,2,2,NA
"831","road.cc","en",NA,1,NA,NA
"832","robotnik.eu","it",NA,NA,NA,7
"833","roma.repubblica.it","it",NA,2,NA,NA
"834","romamobilita.it","it",NA,1,NA,NA
"835","roobsflyers.com","en",NA,4,NA,NA
"836","roscongress.org","en",NA,1,NA,NA
"837","rothschild.il","it",NA,NA,NA,1
"838","roundtablereport.com","de",NA,1,NA,NA
"839","royalsocietypublishing.org","en",NA,3,NA,NA
"840","rp-online.de","de",2,NA,3,NA
"841","rrredaktion.eu","de",NA,NA,3,NA
"842","rtde.podbean.com","de",NA,NA,5,NA
"843","rue-avenir.ch","fr",2,NA,2,NA
"844","sadefenza.blogspot.com","it",NA,1,NA,NA
"845","safeblood.net","en",4,NA,NA,NA
"846","saltandstraw.com","en",NA,NA,NA,4
"847","sandiadams.net","en",2,NA,NA,NA
"848","savannahn.4299","de",NA,NA,NA,1
"849","saveourrights.uk","en",NA,3,NA,NA
"850","schildverlag.de","de",NA,NA,NA,2
"851","schoepferinsel.com","de",NA,NA,NA,15
"852","sciencefiles.org","de",NA,NA,5,NA
"853","sciencefiles.org","nl",NA,NA,NA,1
"854","sciencepost.uk","en",NA,NA,NA,2
"855","scontent-lga3-1.cdninstagram.com","de",NA,1,NA,NA
"856","scontent.fmxp4-1.fna.fbcdn.net","it",NA,NA,NA,3
"857","screenrant.com","en",NA,1,NA,NA
"858","sdgs.un.org","en",1,1,NA,NA
"859","sec.numerology.pay.clickbank.net","en",NA,NA,NA,1
"860","servicepublic.ch","de",NA,2,NA,NA
"861","services.totalenergies.fr","fr",NA,2,NA,NA
"862","sfero.me","it",NA,5,NA,3
"863","sgtnewsnetwork","en",46,24,11,9
"864","share-link.pilled.net","en",NA,2,NA,NA
"865","shared-drupal-s3fs.s3-ap-southeast-2.amazonaws.com","en",NA,1,NA,NA
"866","sharktankshopper.com","de",NA,NA,NA,3
"867","sharktube.info","it",NA,1,NA,1
"868","shiftfrequency.com","nl",NA,NA,NA,1
"869","shiftinvest.com","nl",NA,NA,NA,1
"870","shop.expresszeitung.com","de",NA,4,10,3
"871","shop.worldcouncilforhealth.org","en",1,NA,NA,NA
"872","signal.group","it",NA,NA,NA,6
"873","signup.themindunleashed.com","de",NA,1,NA,NA
"874","siicomebillmagazine.it","it",NA,NA,1,NA
"875","simplyhealthyvegan.com","it",NA,NA,NA,1
"876","sites.google.com","en",NA,4,NA,NA
"877","skyeyestreetlight.com","de",NA,2,NA,NA
"878","skyeyestreetlight.com","en",NA,3,NA,NA
"879","slate.com","fr",2,NA,2,NA
"880","slaynews.com","it",NA,NA,NA,6
"881","slobodnipodcast","en",NA,1,NA,NA
"882","smart-city-berlin.de","de",NA,3,NA,NA
"883","smartcity-survey.ch","de",2,2,NA,NA
"884","smartcity.ms","de",2,2,NA,NA
"885","smartcityalliance.org","de",2,2,NA,NA
"886","smartcityaz.com","fr",NA,14,NA,NA
"887","smartgrowth.org","de",NA,1,NA,NA
"888","smithgill.com","de",1,NA,NA,NA
"889","smoothiex12.blogspot.com","en",1,NA,NA,NA
"890","sna","de",NA,NA,NA,1
"891","snackinsects.com","de",NA,NA,NA,1
"892","snanews.de","de",NA,NA,NA,1
"893","solidaritymovementofalberta.ca","en",1,NA,NA,NA
"894","somebitchiknow","en",1,NA,NA,NA
"895","sott.net","de",NA,NA,NA,1
"896","soundcloud.com","de",9,NA,NA,NA
"897","source.worldcouncilforhealth.org","en",NA,NA,NA,2
"898","spazieren.angst-frei.ch","de",NA,2,NA,NA
"899","spectator.com.au","en",NA,NA,NA,5
"900","spectator.com.au","fr",NA,NA,NA,2
"901","sputniknews.com","fr",NA,NA,NA,2
"902","ssets.weforum.org","de",NA,4,NA,NA
"903","st.pe","de",NA,NA,8,NA
"904","standpunkt","de",NA,NA,NA,1
"905","standpunktzwei","de",NA,NA,NA,1
"906","static-3.bitchute.com","de",13,4,3,3
"907","static-3.bitchute.com","en",7,7,3,4
"908","static.disinfesta.it","de",NA,NA,NA,2
"909","stellarprojectsrussia.com","en",NA,4,NA,NA
"910","stern.de","de",NA,NA,NA,1
"911","stewpeters.com","de",NA,NA,NA,1
"912","stop5ginternational.org","de",NA,2,NA,NA
"913","stop5ginternational.org","en",NA,1,NA,NA
"914","stopdiffamazione.it","it",NA,21,NA,NA
"915","stopsmartmeters.org","de",NA,1,NA,NA
"916","stopworldcontrol.com","it",5,5,NA,NA
"917","strangesounds.org","de",NA,1,NA,NA
"918","strongcitiesnetwork.org","en",NA,4,NA,NA
"919","studyfinds.org","en",NA,1,NA,NA
"920","studyfinds.org","it",NA,NA,NA,4
"921","succulentes.je","fr",NA,NA,NA,3
"922","summit.news","de",NA,4,NA,NA
"923","summit.news","en",NA,NA,1,3
"924","sunderland.betterpoints.uk","en",NA,1,NA,NA
"925","sustainable.media","it",NA,NA,NA,1
"926","sustainabledevelopment.un.org","en",NA,4,NA,NA
"927","sustainabledevelopment.un.org","fr",NA,6,NA,NA
"928","sustainablefoodtrust.org","en",NA,NA,NA,1
"929","swisscustody.org","en",NA,2,NA,NA
"930","swissinfo.ch","en",NA,NA,NA,1
"931","t.c","it",NA,NA,NA,1
"932","t.co","de",NA,13,9,2
"933","t.co","en",8,NA,2,1
"934","t.co","fr",1,1,NA,NA
"935","t.co","it",NA,1,NA,4
"936","t.ly","de",4,1,2,NA
"937","t3n.de","de",NA,NA,1,NA
"938","tadhargrave.substack.com","en",4,NA,NA,NA
"939","tagesereignis.de","de",NA,NA,139,NA
"940","talk.tv","en",2,NA,NA,NA
"941","tapnewswire.com","de",NA,1,NA,NA
"942","taz.de","de",NA,1,NA,3
"943","te.legra.ph","de",1,1,NA,NA
"944","telegra.ph","de",14,12,16,29
"945","telegra.ph","en",NA,7,NA,NA
"946","telegra.ph","it",6,9,2,11
"947","telegra.ph","nl",NA,NA,1,NA
"948","telegram.me","it",NA,1,NA,NA
"949","terraherz.wpcomstaging.com","de",NA,NA,NA,2
"950","terredeliens.org","fr",NA,NA,NA,2
"951","tesla.com","en",NA,2,NA,NA
"952","tfiglobalnews.com","it",NA,2,NA,NA
"953","tfl.gov.uk","en",NA,2,NA,NA
"954","tfl.gov.uk","it",NA,2,NA,NA
"955","thaiest.com","it",NA,NA,NA,3
"956","theaustraliaproject.org","en",NA,1,NA,NA
"957","thebl.com","en",NA,2,NA,NA
"958","thebl.tv","it",NA,NA,NA,1
"959","thebl.us","en",NA,NA,NA,1
"960","thebulletin.org","en",NA,NA,1,NA
"961","theconsciousresistance.com","en",NA,3,NA,NA
"962","theconsciousresistance.com","it",NA,2,NA,NA
"963","theconspiracyhole.com","en",NA,1,NA,NA
"964","theconversation.com","en",NA,1,NA,NA
"965","thecountersignal.com","en",NA,NA,NA,2
"966","thediplomat.com","en",NA,1,NA,NA
"967","thediplomaticinsight.com","en",NA,NA,NA,2
"968","thefascistnewworldorder.com","de",NA,NA,1,NA
"969","thefederalist.com","fr",NA,1,NA,NA
"970","thegreatawakeningcoffee.com","en",NA,NA,NA,1
"971","thegreatclimatecon.com","en",NA,4,NA,NA
"972","thegreatclimatecon.com","nl",1,NA,NA,NA
"973","thehighwire.com","en",NA,2,NA,NA
"974","thehighwire.com","it",NA,NA,NA,1
"975","thehill.com","en",NA,NA,2,11
"976","thehill.com","it",NA,NA,5,NA
"977","theinfowar.tv","en",1,NA,NA,NA
"978","theintercept.com","en",NA,2,NA,NA
"979","thelightpaper.co.uk","en",1,1,NA,NA
"980","themindunleashed.com","de",NA,2,NA,NA
"981","themostimportantnews-com.translate.goog","de",2,NA,2,NA
"982","themostimportantnews.com","de",2,NA,2,NA
"983","thenationalpulse.com","en",NA,NA,NA,21
"984","thenationalpulse.com","it",NA,NA,NA,1
"985","theobjective.com","it",1,NA,NA,NA
"986","thepatriotlight.com","en",NA,1,NA,2
"987","thepostmillennial.com","en",NA,NA,NA,1
"988","thespoon.tech","en",NA,NA,NA,2
"989","thespoon.tech","it",NA,NA,NA,10
"990","thetravelbugbite.com","it",NA,NA,NA,3
"991","thevigilantfox.substack.com","en",6,2,7,10
"992","thevigilantfox.substack.com","fr",NA,NA,NA,1
"993","thoracickey.com","en",NA,NA,NA,1
"994","threadsirish.substack.com","de",NA,NA,NA,2
"995","threadsirish.substack.com","en",NA,2,NA,NA
"996","threadsirish.substack.com","it",NA,1,NA,NA
"997","thuletide.wordpress.com","en",NA,7,NA,NA
"998","time.com","en",NA,NA,NA,2
"999","time.com","it",NA,NA,NA,7
"1000","tinyurl.com","de",2,2,2,28
"1001","tinyurl.com","en",NA,3,1,2
"1002","tinyurl.com","fr",1,1,NA,NA
"1003","tinyurl.com","it",1,NA,NA,2
"1004","tkp-at.translate.goog","de",NA,NA,NA,1
"1005","tkp.at","de",14,13,7,13
"1006","tkp.at","fr",NA,NA,NA,2
"1007","tkp.at","nl",NA,NA,NA,16
"1008","tme","de",NA,2,NA,NA
"1009","tnc.news","en",NA,1,NA,NA
"1010","tntradiolive.podbean.com","en",1,NA,NA,NA
"1011","toe.de","nl",NA,NA,NA,1
"1012","toepferei-frommhold.de","de",NA,NA,NA,3
"1013","togetherdeclaration.org","en",11,3,NA,NA
"1014","tomorrow.city","de",NA,1,NA,NA
"1015","toresays.com","it",NA,1,NA,NA
"1016","tottnews.com","en",NA,3,NA,NA
"1017","townhall.com","de",NA,NA,NA,4
"1018","townhall.com","en",NA,NA,NA,3
"1019","tphaliantimes.com","fr",NA,NA,NA,1
"1020","transition-news.org","de",4,11,2,NA
"1021","transition-tv.ch","de",5,13,7,3
"1022","transition_tv_","de",3,5,NA,NA
"1023","traugott-ickeroth.com","de",NA,8,13,2
"1024","trendsresearch.com","en",NA,8,NA,NA
"1025","trigan.org","en",NA,2,NA,NA
"1026","trovo.live","en",NA,NA,1,NA
"1027","truereport.net","it",NA,4,NA,4
"1028","truthbook.social","en",NA,2,NA,4
"1029","truthcomestolight.com","en",NA,NA,NA,3
"1030","truthinplainsight.com","en",NA,NA,NA,4
"1031","truthtalk.uk","de",1,1,NA,NA
"1032","truthtalk.uk","en",7,NA,NA,1
"1033","truthtalk.uk","it",NA,2,NA,NA
"1034","truthunmuted.org","en",NA,1,NA,NA
"1035","tube.kenfm.de","de",NA,1,NA,NA
"1036","turkmenportal.com","en",NA,1,NA,NA
"1037","tuttonotizie.eu","it",NA,NA,NA,1
"1038","tvilight.com","de",1,1,NA,NA
"1039","twente.com","nl",NA,3,NA,NA
"1040","u.today","en",NA,NA,NA,2
"1041","ugetube.com","en",1,NA,1,NA
"1042","uk-air.defra.gov.uk","en",NA,NA,NA,1
"1043","unblogd.cc","de",NA,NA,16,NA
"1044","uncut-news.ch","de",NA,NA,1,1
"1045","uncutnews-ch.translate.goog","de",2,NA,NA,NA
"1046","uncutnews.ch","de",68,31,12,45
"1047","uncutnews.ch","en",NA,NA,1,NA
"1048","uncutnews.ch","fr",NA,NA,NA,1
"1049","uncutnews.ch","it",9,NA,NA,NA
"1050","unece.org","de",1,1,NA,NA
"1051","unesdoc.unesco.org","en",NA,2,NA,NA
"1052","unfccc.int","de",1,NA,NA,NA
"1053","unfccc.int","en",9,2,9,NA
"1054","unfccc.int","fr",6,NA,6,NA
"1055","unfccc.int","it",5,NA,5,NA
"1056","unhabitat.org","de",NA,1,NA,NA
"1057","unherd.com","en",NA,NA,NA,2
"1058","unitynewsnetwork","en",NA,20,NA,NA
"1059","unitynewsnetwork.co.uk","en",NA,1,NA,NA
"1060","unnwo.org","en",NA,3,NA,NA
"1061","unser-mitteleuropa.com","de",NA,11,2,11
"1062","unwiderlegbarefakt.wixsite.com","de",1,NA,NA,3
"1063","ur.de","de",NA,NA,NA,2
"1064","url.americanpatriotsforum.com","en",NA,NA,NA,17
"1065","urnerradioshow.com","de",NA,NA,NA,6
"1066","us9.list-manage.com","it",NA,NA,NA,1
"1067","utopia.de","de",3,2,NA,6
"1068","vaxxter.com","nl",NA,NA,NA,1
"1069","vegpool.de","de",NA,NA,NA,1
"1070","velocityincubator.com","en",NA,1,NA,NA
"1071","verfassungsfreunde.ch","fr",NA,1,NA,NA
"1072","verite-diffusee.com","fr",NA,NA,NA,4
"1073","verschwoerungstheorien.fandom.com","de",NA,NA,59,NA
"1074","video-liberty.com","de",NA,NA,NA,2
"1075","vigilantfox","en",NA,2,1,4
"1076","vimeo.com","en",NA,1,NA,NA
"1077","vincentjames","en",NA,NA,1,NA
"1078","visionetv.it","it",NA,1,NA,5
"1079","vita-system8.de","de",NA,NA,NA,2
"1080","vivoterra.com","de",NA,NA,NA,1
"1081","vivreenville.org","en",NA,1,NA,NA
"1082","vk.com","de",4,9,6,5
"1083","vk.com","en",NA,NA,NA,1
"1084","vk.com","fr",1,5,12,21
"1085","vm.tiktok.com","de",NA,NA,2,4
"1086","vm.tiktok.com","fr",NA,5,NA,NA
"1087","vm.tiktok.com","it",NA,3,NA,3
"1088","voelkerrechtsblog.org","en",NA,1,NA,NA
"1089","voerdebijbij.nl","nl",NA,NA,NA,2
"1090","vote-freedom.org","en",1,NA,NA,NA
"1091","votemate.org","en",1,NA,NA,NA
"1092","w.corodok.de","de",NA,1,NA,NA
"1093","waarzitwatin.nl","nl",NA,NA,1,NA
"1094","wakeupuk.net","en",NA,NA,2,NA
"1095","wattsupwiththat.com","de",4,NA,5,NA
"1096","wattsupwiththat.com","en",1,NA,2,NA
"1097","wattsupwiththat.com","fr",NA,NA,9,NA
"1098","waz.de","de",NA,1,NA,1
"1099","wcfcourier.com","it",NA,3,NA,NA
"1100","web.archive.org","de",1,3,NA,2
"1101","web.archive.org","en",NA,2,NA,NA
"1102","web.archive.org","fr",2,1,NA,NA
"1103","web.archive.org","it",NA,NA,NA,1
"1104","web.telegram.org","it",1,1,NA,NA
"1105","weliveinamadworld.com","en",NA,1,NA,NA
"1106","weltdergesundheit.tv","de",NA,NA,NA,115
"1107","weltwirtschaftsverband.com","de",4,NA,2,5
"1108","weltwoche.ch","de",NA,NA,5,1
"1109","westernjournal.com","de",NA,NA,NA,14
"1110","westphaliantimes.com","en",NA,NA,NA,1
"1111","westphaliantimes.com","fr",NA,NA,NA,1
"1112","wetteradler.de","de",NA,NA,8,NA
"1113","who-nein.ch","de",NA,NA,NA,2
"1114","wikispooks.com","en",NA,NA,NA,4
"1115","willkommen.maona.tv","de",NA,NA,1,NA
"1116","windowsontheworld","en",NA,2,2,NA
"1117","windowsontheworld.net","en",NA,1,1,NA
"1118","winenews.it","it",NA,NA,NA,2
"1119","winteroak.org.uk","de",NA,3,NA,NA
"1120","winteroak.org.uk","en",NA,10,NA,NA
"1121","wirtschaft.com","de",NA,NA,61,NA
"1122","wissensmanufaktur","de",NA,2,NA,NA
"1123","wnd.com","it",NA,NA,NA,2
"1124","wordt.de","nl",NA,NA,NA,1
"1125","world.openfoodfacts.org","en",NA,NA,NA,1
"1126","worldcouncilforhealth","en",18,NA,NA,NA
"1127","worldcouncilforhealth.org","en",54,NA,NA,3
"1128","worldcouncilforhealth.substack.com","en",NA,NA,NA,3
"1129","wpeters.com","de",NA,NA,NA,13
"1130","ws.com.au","de",NA,1,NA,NA
"1131","wurde.in","de",NA,1,NA,NA
"1132","ww","de",NA,1,NA,NA
"1133","www","de",NA,1,NA,NA
"1134","www-auto--moto-com.cdn.ampproject.org","fr",NA,1,NA,NA
"1135","www-axios-com.translate.goog","de",NA,NA,10,NA
"1136","www-el-gr.translate.goog","en",NA,NA,NA,1
"1137","www-naturalnews-com.translate.goog","de",NA,NA,NA,4
"1138","www-naturheilt-com.translate.goog","nl",NA,NA,NA,1
"1139","www-ncbi-nlm-nih-gov.translate.goog","it",NA,NA,NA,1
"1140","www-pronews-gr.translate.goog","en",NA,NA,NA,1
"1141","www-thegatewaypundit-com.translate.goog","de",NA,NA,NA,6
"1142","www-wbcsd-org.translate.goog","fr",NA,NA,2,NA
"1143","www-weforum-org.translate.goog","de",1,NA,NA,NA
"1144","www-yamedo-de.translate.goog","nl",NA,NA,NA,1
"1145","www-ynsect-com.translate.goog","it",NA,NA,NA,1
"1146","www-zerohedge-com.translate.goog","de",NA,NA,NA,3
"1147","www.12news.com","de",NA,1,NA,NA
"1148","www.15minutecities.info","en",NA,1,NA,NA
"1149","www.20min.ch","de",NA,4,NA,15
"1150","www.3dnatives.com","en",NA,NA,NA,2
"1151","www.40millionsdautomobilistes.com","fr",NA,4,NA,NA
"1152","www.5gspaceappeal.org","de",NA,1,NA,NA
"1153","www.89.0rtl.de","de",NA,NA,NA,15
"1154","www.9news.com.au","de",NA,NA,NA,6
"1155","www.aaj.tv","en",NA,NA,NA,2
"1156","www.abc.net.au","en",2,NA,NA,NA
"1157","www.abc.net.au","it",3,3,NA,1
"1158","www.achgut.com","de",NA,3,30,3
"1159","www.acs.org","en",NA,NA,NA,1
"1160","www.activistpost.com","en",NA,4,NA,1
"1161","www.actuallyfoods.com","fr",NA,NA,NA,1
"1162","www.ad.nl","nl",NA,NA,2,NA
"1163","www.adb.org","it",NA,NA,NA,3
"1164","www.adnkronos.com","it",NA,NA,6,5
"1165","www.aerzteblatt.de","de",NA,NA,2,NA
"1166","www.aerzteklaerenauf.de","de",NA,2,NA,NA
"1167","www.afaev.de","de",NA,NA,1,NA
"1168","www.afd.de","de",NA,NA,8,NA
"1169","www.affaritaliani.it","it",NA,NA,NA,3
"1170","www.agenda-2030.fr","fr",NA,7,NA,NA
"1171","www.agendadigitale.eu","it",NA,3,NA,NA
"1172","www.agenziacomunica.net","it",NA,2,NA,NA
"1173","www.agenzianova.com","it",NA,NA,NA,3
"1174","www.agernova.it","it",NA,NA,NA,1
"1175","www.agi.it","it",NA,1,NA,NA
"1176","www.agtrader.com.au","en",NA,NA,NA,3
"1177","www.ajc.com","en",NA,NA,NA,1
"1178","www.akweb.de","de",NA,1,NA,NA
"1179","www.alamy.com","nl",NA,NA,1,NA
"1180","www.alexander-wallasch.de","de",NA,NA,4,1
"1181","www.all-electronics.de","de",NA,1,NA,NA
"1182","www.alliancevita.org","fr",NA,NA,NA,1
"1183","www.allversum.com","de",NA,NA,NA,8
"1184","www.amazon","en",NA,NA,NA,1
"1185","www.amazon.com","en",NA,NA,NA,2
"1186","www.amazon.com","it",NA,NA,NA,1
"1187","www.amazon.de","de",NA,NA,1,41
"1188","www.americanpatriotsocial.com","en",NA,1,NA,NA
"1189","www.amnesty.org","fr",NA,1,NA,NA
"1190","www.anguillesousroche.com","fr",NA,1,NA,4
"1191","www.annualreviews.org","it",NA,NA,NA,1
"1192","www.anrnews.com","en",NA,3,NA,7
"1193","www.ansa.it","it",NA,4,NA,NA
"1194","www.ansa.it","nl",NA,1,NA,NA
"1195","www.anti-spiegel.ru","de",NA,NA,80,13
"1196","www.anticor.org","fr",NA,6,NA,NA
"1197","www.archdaily.com","nl",1,NA,NA,NA
"1198","www.argentina.gob.ar","it",NA,NA,NA,4
"1199","www.armstrongeconomics.com","en",1,NA,NA,NA
"1200","www.armstrongeconomics.com","it",NA,NA,1,NA
"1201","www.arpae.it","it",NA,NA,NA,1
"1202","www.arrowexterminators.com","en",NA,NA,NA,1
"1203","www.arup.com","de",3,NA,NA,NA
"1204","www.arup.com","en",3,2,NA,NA
"1205","www.arup.com","fr",NA,3,NA,NA
"1206","www.arup.com","it",5,5,NA,NA
"1207","www.arup.com","nl",NA,1,NA,NA
"1208","www.asiamarkets.com","de",NA,1,NA,NA
"1209","www.asianews.it","it",NA,NA,NA,1
"1210","www.aspi.org.au","en",NA,6,NA,NA
"1211","www.assemblee-nationale.fr","fr",NA,6,NA,NA
"1212","www.attilahildmann.de","de",NA,NA,NA,2
"1213","www.aubedigitale.com","fr",NA,NA,1,1
"1214","www.audible.de","de",3,NA,NA,NA
"1215","www.auf1.shop","de",32,NA,13,2
"1216","www.auf1.tv","de",NA,3,1,NA
"1217","www.australiannationalreview.com","en",1,1,1,1
"1218","www.australiansovereigntyalliance.com","en",NA,1,NA,NA
"1219","www.auswaertiges-amt.de","de",NA,2,NA,NA
"1220","www.axios.com","de",NA,NA,10,NA
"1221","www.aykiri.com.tr","de",3,NA,NA,NA
"1222","www.baerbelmohr.de","de",NA,NA,NA,8
"1223","www.baicommunications.com","en",NA,1,NA,NA
"1224","www.bankofengland.co.uk","en",1,1,NA,NA
"1225","www.banquedesterritoires.fr","fr",NA,3,NA,NA
"1226","www.barillagroup.com","it",NA,NA,NA,3
"1227","www.barstoolsports.com","en",NA,NA,NA,8
"1228","www.bathurst.nsw.gov.au","en",NA,7,NA,NA
"1229","www.bbc.co.uk","en",NA,NA,1,1
"1230","www.bbc.com","de",NA,NA,3,NA
"1231","www.bbc.com","en",NA,1,NA,NA
"1232","www.bbc.com","fr",NA,6,NA,NA
"1233","www.bbc.com","it",3,3,NA,6
"1234","www.bbc.com","nl",2,NA,NA,NA
"1235","www.bbsr.bund.de","de",NA,36,NA,NA
"1236","www.becciolininetwork.com","it",1,NA,NA,NA
"1237","www.behoerden-spiegel.de","de",NA,NA,1,NA
"1238","www.berlin.de","de",NA,NA,2,NA
"1239","www.berliner-kurier.de","de",NA,NA,1,3
"1240","www.berliner-zeitung.de","de",NA,1,3,1
"1241","www.bernburg-steht-auf-ev.de","de",NA,NA,1,NA
"1242","www.betterpoints.ltd","en",NA,1,NA,NA
"1243","www.bewusstseinshelden.org","de",NA,NA,NA,1
"1244","www.bfmtv.com","fr",NA,5,1,NA
"1245","www.bfmtv.com","it",NA,NA,NA,6
"1246","www.bi-energy.nl","nl",NA,NA,NA,1
"1247","www.bienen-hummel-garten.de","de",NA,NA,NA,2
"1248","www.bild.de","de",NA,NA,1007,8
"1249","www.biometricupdate.com","en",NA,7,NA,NA
"1250","www.biomilq.com","it",NA,NA,NA,3
"1251","www.bitchute.com","de",33,16,9,6
"1252","www.bitchute.com","en",30,77,3,15
"1253","www.bitchute.com","it",1,NA,NA,NA
"1254","www.bitcoininsider.org","en",NA,2,NA,NA
"1255","www.bizneworleans.com","en",NA,5,NA,NA
"1256","www.blacklistednews.com","en",NA,NA,NA,1
"1257","www.blacklistednews.com","fr",NA,1,NA,NA
"1258","www.blaupause.tv","de",NA,1,2,1
"1259","www.blick-aktuell.de","de",NA,2,NA,NA
"1260","www.blick.ch","de",2,4,NA,NA
"1261","www.bloomberg.com","de",1,NA,NA,NA
"1262","www.bloomberg.com","en",NA,6,NA,2
"1263","www.bloomberg.com","it",4,3,1,1
"1264","www.bloomberg.org","it",2,2,NA,NA
"1265","www.blv.admin.ch","de",NA,NA,NA,22
"1266","www.bmi.bund.de","de",NA,18,NA,NA
"1267","www.bnr.de","de",NA,NA,59,NA
"1268","www.br.de","de",NA,1,3,6
"1269","www.breitbart.com","de",NA,NA,NA,6
"1270","www.breitbart.com","en",NA,NA,NA,17
"1271","www.breitbart.com","it",NA,NA,5,10
"1272","www.bresciatoday.it","it",NA,NA,NA,6
"1273","www.brevenews.com","it",NA,NA,NA,2
"1274","www.brighteon.com","de",NA,NA,NA,1
"1275","www.brighteon.com","en",1,NA,NA,NA
"1276","www.brighteon.com","fr",NA,2,NA,NA
"1277","www.brighteon.com","it",NA,NA,NA,1
"1278","www.brisbanetimes.com.au","en",2,NA,NA,NA
"1279","www.bristolpost.co.uk","it",2,NA,NA,NA
"1280","www.bsigroup.com","en",NA,1,NA,NA
"1281","www.bundesregierung.de","de",NA,NA,7,NA
"1282","www.bundestag.de","de",NA,1,NA,NA
"1283","www.bundesverfassungsgericht","de",NA,NA,1,NA
"1284","www.bundesverfassungsgericht.de","de",NA,NA,35,NA
"1285","www.business-leaders.net","de",NA,NA,NA,3
"1286","www.businessinsider.com","de",NA,1,NA,NA
"1287","www.businessinsider.com","en",NA,2,NA,NA
"1288","www.businessinsider.com","fr",NA,6,NA,NA
"1289","www.businessinsider.com","it",NA,1,NA,2
"1290","www.businessinsider.de","de",NA,NA,80,NA
"1291","www.businesstodayegypt.com","en",NA,1,NA,NA
"1292","www.byoblu.com","it",9,2,2,8
"1293","www.bz-berlin.de","de",NA,NA,3,NA
"1294","www.c40.org","de",17,NA,NA,NA
"1295","www.c40.org","en",3,1,NA,NA
"1296","www.c40.org","fr",2,5,2,NA
"1297","www.c40.org","it",24,19,NA,NA
"1298","www.c40knowledgehub.org","en",2,NA,NA,NA
"1299","www.c40knowledgehub.org","it",5,5,NA,NA
"1300","www.c40knowledgehub.org","nl",3,NA,NA,NA
"1301","www.caict.ac.cn","de",1,NA,NA,NA
"1302","www.cam.ac.uk","en",NA,3,NA,NA
"1303","www.canada.ca","it",5,NA,NA,NA
"1304","www.canadianmanufacturing.com","de",NA,NA,NA,4
"1305","www.canadianmanufacturing.com","en",NA,NA,NA,1
"1306","www.canadianmanufacturing.com","fr",NA,NA,NA,2
"1307","www.canadianmanufacturing.com","it",NA,NA,NA,1
"1308","www.capital.fr","fr",NA,5,NA,NA
"1309","www.cargill.com","en",NA,NA,NA,2
"1310","www.casaegiardino.it","it",NA,NA,NA,3
"1311","www.cashkurs.com","de",NA,NA,5,NA
"1312","www.catella.com","de",9,NA,NA,NA
"1313","www.cbsnews.com","en",NA,NA,NA,4
"1314","www.cdc.gov","de",7,NA,NA,NA
"1315","www.cdc.gov","en",NA,1,NA,NA
"1316","www.cell.com","en",NA,NA,NA,3
"1317","www.cell.com","it",NA,NA,NA,4
"1318","www.cell.com","nl",NA,NA,NA,1
"1319","www.cens.com","de",NA,2,NA,NA
"1320","www.cens.com","en",NA,3,NA,NA
"1321","www.centreforlondon.org","en",NA,1,NA,NA
"1322","www.centrosangiorgio.com","it",NA,NA,NA,3
"1323","www.cgi.com","en",NA,1,NA,NA
"1324","www.change.org","it",NA,1,NA,NA
"1325","www.charliearnott.com.au","en",NA,NA,NA,1
"1326","www.christina-ba","de",NA,NA,NA,1
"1327","www.christina-baum.berlin","de",NA,NA,NA,2
"1328","www.cia.gov","en",NA,NA,NA,3
"1329","www.cibusinprimis.it","it",NA,NA,NA,1
"1330","www.cicero.de","de",NA,2,NA,NA
"1331","www.city-journal.org","en",NA,1,NA,NA
"1332","www.cityam.com","en",NA,6,NA,NA
"1333","www.clara.com.au","en",NA,4,NA,NA
"1334","www.climatedepot.com","de",NA,NA,1,NA
"1335","www.climatedepot.com","en",NA,3,NA,3
"1336","www.clinicalkey.com","en",NA,NA,NA,1
"1337","www.clubofrome.org","en",NA,1,NA,NA
"1338","www.cnbc.com","de",NA,NA,NA,6
"1339","www.cnbc.com","it",NA,NA,NA,4
"1340","www.cnet.com","en",NA,2,NA,NA
"1341","www.cnn.com","en",2,1,NA,NA
"1342","www.cnu.org","it",3,3,NA,NA
"1343","www.codecheck.info","de",NA,NA,NA,8
"1344","www.coffsharbour.nsw.gov.au","en",NA,1,NA,NA
"1345","www.cohesion-territoires.gouv.fr","fr",NA,14,NA,NA
"1346","www.colloidalsilvercuresmrsa.com","en",NA,NA,NA,1
"1347","www.colloidalsilverkillsviruses.com","en",NA,NA,NA,1
"1348","www.come-and-hear.com","de",NA,2,NA,NA
"1349","www.compact-online.de","de",NA,NA,1,6
"1350","www.compact-shop.de","de",NA,NA,3,4
"1351","www.comune.milano.it","it",1,NA,1,NA
"1352","www.comune.roma.it","it",8,NA,1,NA
"1353","www.congress.gov","en",NA,NA,NA,1
"1354","www.conservativewoman.co.uk","en",NA,4,NA,5
"1355","www.consilium.europa.eu","en",NA,NA,NA,1
"1356","www.consilium.europa.eu","fr",NA,NA,2,NA
"1357","www.consilium.europa.eu","it",2,NA,NA,NA
"1358","www.consultancy-me.com","en",NA,1,NA,NA
"1359","www.controinformazione.info","it",NA,NA,NA,3
"1360","www.contronews.org","it",NA,NA,NA,2
"1361","www.coordinationrevolutioncov.com","fr",NA,1,NA,NA
"1362","www.corbettreport.com","en",NA,NA,2,NA
"1363","www.corecam.com","de",NA,NA,NA,1
"1364","www.coreysdigs.com","en",NA,1,NA,NA
"1365","www.coro","de",NA,1,NA,NA
"1366","www.corodok.de","de",NA,4,NA,NA
"1367","www.corona-impfschaden-hilfe.de","de",NA,NA,NA,2
"1368","www.corriere.it","it",NA,NA,NA,9
"1369","www.costanachrichten.com","de",NA,NA,NA,1
"1370","www.counterspinmedia.com","en",NA,NA,1,NA
"1371","www.covid19assembly.org","en",7,NA,NA,NA
"1372","www.cremonaoggi.it","en",NA,1,NA,NA
"1373","www.cricketone.asi","fr",NA,NA,NA,2
"1374","www.cricketone.asia","de",NA,NA,NA,120
"1375","www.cricketone.asia","en",NA,NA,NA,17
"1376","www.cricketone.asia","fr",NA,NA,NA,39
"1377","www.cricketone.asia","it",NA,NA,NA,2
"1378","www.cricketone.asia","nl",NA,NA,NA,12
"1379","www.crowdjustice.com","en",NA,2,NA,NA
"1380","www.crypto-news-flash.com","en",NA,NA,NA,1
"1381","www.cwejournal.org","en",NA,NA,NA,3
"1382","www.cwejournal.org","nl",NA,NA,NA,1
"1383","www.dagelijksestandaard.nl","nl",NA,2,NA,NA
"1384","www.dailydot.com","en",NA,NA,NA,3
"1385","www.dailyfetched.com","en",NA,NA,1,NA
"1386","www.dailymail.co.uk","de",NA,NA,1,3
"1387","www.dailymail.co.uk","en",1,5,NA,13
"1388","www.dailymail.co.uk","fr",NA,13,NA,1
"1389","www.dailymail.co.uk","it",3,8,3,5
"1390","www.dailymotion.com","de",NA,NA,NA,1
"1391","www.dailytelegraph.com.au","en",NA,NA,NA,2
"1392","www.dailytelegraph.com.au","fr",NA,NA,NA,10
"1393","www.danastingregory.com","en",6,NA,NA,NA
"1394","www.darpa.mil","en",NA,NA,NA,9
"1395","www.darpa.mil","it",NA,NA,NA,17
"1396","www.daserste.de","de",NA,NA,NA,1
"1397","www.databaseitalia.it","it",NA,NA,3,1
"1398","www.davidezedda.com","it",NA,NA,1,1
"1399","www.davvero.tv","it",NA,NA,NA,1
"1400","www.ddbnews.org","de",NA,NA,NA,1
"1401","www.de24live.de","de",1,NA,NA,1
"1402","www.deagel.com","fr",1,NA,NA,NA
"1403","www.deanderekrant.nl","nl",2,1,NA,NA
"1404","www.deepl.com","de",NA,2,NA,NA
"1405","www.deepl.com","en",NA,1,NA,NA
"1406","www.deepl.com","it",NA,1,NA,NA
"1407","www.deepl.com","nl",NA,1,NA,NA
"1408","www.degruyter.com","it",NA,NA,NA,3
"1409","www.derbrutkasten.com","de",NA,3,NA,NA
"1410","www.derbrutkasten.com","en",NA,1,NA,NA
"1411","www.derstandard.de","de",1,1,1,NA
"1412","www.destadsbron.nl","nl",NA,2,NA,NA
"1413","www.deswater.com","en",NA,NA,NA,3
"1414","www.deswater.com","nl",NA,NA,NA,1
"1415","www.deutschland.de","de",7,NA,NA,NA
"1416","www.deutschlandfunk.de","de",NA,1,NA,2
"1417","www.deutschlandfunknova.de","de",NA,NA,NA,3
"1418","www.dfat.gov.au","en",NA,2,NA,NA
"1419","www.dgse.gouv.fr","fr",NA,NA,NA,6
"1420","www.dhs.gov","it",NA,1,NA,NA
"1421","www.di.se","de",NA,NA,NA,2
"1422","www.diagnose-funk.org","it",NA,1,NA,NA
"1423","www.dieostschweiz.ch","de",NA,NA,1,NA
"1424","www.difesaonline.it","it",NA,1,NA,NA
"1425","www.digitaleschweiz.ch","de",4,4,NA,NA
"1426","www.digitalidentity.gov.au","en",NA,1,NA,NA
"1427","www.digitaljournal.com","en",NA,2,NA,NA
"1428","www.dimewaterinc.com","en",NA,NA,NA,3
"1429","www.dimewaterinc.com","nl",NA,NA,NA,1
"1430","www.din.de","de",1,2,NA,NA
"1431","www.dire.it","en",1,NA,NA,NA
"1432","www.direktdemokratisch.jetzt","de",9,10,21,9
"1433","www.dissapore.com","it",NA,NA,NA,1
"1434","www.dlive.tv","en",2,NA,NA,NA
"1435","www.doccheck.com","de",NA,NA,NA,2
"1436","www.dolcevitaonline.it","it",NA,NA,NA,6
"1437","www.dr-stoll-kollegen.de","de",NA,NA,2,NA
"1438","www.dreuz.info","en",NA,2,NA,NA
"1439","www.dreuz.info","fr",NA,2,NA,1
"1440","www.eatthis.com","de",NA,NA,NA,6
"1441","www.ebp.ch","de",2,2,NA,NA
"1442","www.echo.net.au","en",NA,3,NA,NA
"1443","www.echo24.de","de",NA,NA,NA,12
"1444","www.ecologie.gouv.fr","fr",NA,12,NA,NA
"1445","www.economist.com","en",NA,4,NA,NA
"1446","www.ecowoman.de","de",NA,NA,NA,4
"1447","www.eda.admin.ch","fr",NA,1,NA,NA
"1448","www.edibleinsects.com","en",NA,NA,NA,1
"1449","www.efanews.eu","de",NA,NA,NA,2
"1450","www.efsa.europa.eu","de",NA,NA,NA,3
"1451","www.efsa.europa.eu","en",NA,NA,NA,2
"1452","www.efsa.europa.eu","fr",NA,NA,NA,1
"1453","www.efsa.europa.eu","nl",NA,NA,NA,1
"1454","www.elanafreeland.com","de",NA,2,NA,NA
"1455","www.elconfidencial.com","en",1,NA,NA,NA
"1456","www.eldiestro.es","it",2,NA,NA,NA
"1457","www.elektron.ch","de",NA,2,NA,NA
"1458","www.elektronikpraxis.de","de",NA,1,NA,NA
"1459","www.elysee.fr","fr",NA,3,NA,NA
"1460","www.emissioncharge.uk","fr",NA,8,NA,NA
"1461","www.emma.de","de",NA,NA,NA,9
"1462","www.emsc-csem.org","de",NA,NA,2,NA
"1463","www.enbw.com","de",4,4,NA,NA
"1464","www.enelx.com","it",2,NA,NA,NA
"1465","www.energieleben.at","de",NA,NA,NA,6
"1466","www.energy.gov","en",NA,1,NA,NA
"1467","www.enschede.nl","nl",NA,3,NA,NA
"1468","www.entonote.com","it",NA,NA,NA,12
"1469","www.entreprises.gouv.fr","fr",NA,6,NA,NA
"1470","www.epochtimes.de","de",6,21,593,33
"1471","www.epochtimes.it","it",NA,NA,NA,2
"1472","www.epochtv.com","en",NA,2,NA,NA
"1473","www.ers.usda.gov","it",NA,NA,NA,3
"1474","www.esafety.gov.au","en",NA,1,NA,NA
"1475","www.esaveag.com","de",NA,2,NA,NA
"1476","www.espansionetv.it","it",NA,1,NA,NA
"1477","www.estilizadas.eu","de",NA,1,NA,NA
"1478","www.estrepublicain.fr","fr",NA,12,NA,NA
"1479","www.ettrich.at","de",NA,NA,NA,1
"1480","www.etymonline.com","en",NA,2,NA,NA
"1481","www.eurasiareview.com","it",NA,NA,NA,3
"1482","www.eurekaselect.com","en",NA,1,NA,NA
"1483","www.euroconsulting.be","it",NA,NA,NA,1
"1484","www.euronews.com","en",NA,1,NA,2
"1485","www.euronews.com","it",NA,NA,NA,1
"1486","www.europarl.europa.eu","de",3,3,NA,NA
"1487","www.europarl.europa.eu","en",NA,NA,NA,1
"1488","www.europarl.europa.eu","fr",NA,NA,2,NA
"1489","www.europarl.europa.eu","it",5,NA,NA,NA
"1490","www.europe1.fr","fr",NA,2,NA,NA
"1491","www.eva-herman.net","de",NA,20,NA,2
"1492","www.eventbrite.com","en",NA,2,NA,NA
"1493","www.eventbrite.com.au","en",NA,1,NA,NA
"1494","www.eventbrite.com.au","fr",NA,1,NA,NA
"1495","www.eventiavversinews.it","it",NA,NA,NA,1
"1496","www.experian.co.uk","en",NA,1,NA,NA
"1497","www.experianplc.com","en",NA,1,NA,NA
"1498","www.exportcenter.ru","en",NA,2,NA,NA
"1499","www.express.co.uk","en",NA,5,3,4
"1500","www.express.de","de",NA,NA,NA,1
"1501","www.expresszeitung.com","de",NA,10,NA,1
"1502","www.facebook.com","de",3,7,1,25
"1503","www.facebook.com","en",15,1,NA,1
"1504","www.facebook.com","fr",NA,1,1,10
"1505","www.facebook.com","it",1,2,NA,3
"1506","www.facebook.com","nl",NA,NA,2,3
"1507","www.fao.org","de",1,NA,NA,1
"1508","www.fao.org","it",NA,NA,NA,1
"1509","www.fao.org","nl",NA,NA,NA,1
"1510","www.farmyng.eu","fr",NA,NA,NA,6
"1511","www.fastcompany.com","de",1,1,NA,NA
"1512","www.fastcompany.com","en",7,NA,NA,NA
"1513","www.fastcompany.com","fr",1,NA,NA,NA
"1514","www.fastcompany.com","it",1,NA,NA,NA
"1515","www.faz.net","de",4,1,1,2
"1516","www.fb.org","it",NA,NA,NA,3
"1517","www.fda.gov","en",NA,NA,NA,5
"1518","www.fdesouche.com","fr",NA,NA,NA,5
"1519","www.federalreserve.gov","en",NA,NA,NA,1
"1520","www.fedlex.admin.ch","de",NA,NA,NA,11
"1521","www.fernwaerme.at","de",NA,2,NA,NA
"1522","www.fiercewireless.com","de",NA,NA,NA,5
"1523","www.figure.ai","en",NA,1,NA,NA
"1524","www.filierevirtuoseitalia.it","it",NA,NA,NA,1
"1525","www.finanzen100.de","de",NA,NA,NA,2
"1526","www.flipnews.org","it",NA,NA,NA,1
"1527","www.focus.de","de",2,2,107,4
"1528","www.fondazioneveronesi.it","it",NA,NA,NA,4
"1529","www.food.gov.uk","en",NA,NA,NA,3
"1530","www.food.gov.uk","it",NA,NA,NA,1
"1531","www.forbes.com","de",NA,2,NA,NA
"1532","www.forbes.com","en",NA,1,NA,4
"1533","www.forbes.com","fr",2,NA,3,NA
"1534","www.forbes.com","it",3,3,NA,3
"1535","www.forbes.com","nl",NA,NA,NA,1
"1536","www.foxnews.com","en",NA,NA,NA,1
"1537","www.foxnews.com","fr",NA,NA,NA,1
"1538","www.foxweather.com","en",NA,NA,1,NA
"1539","www.fr.de","de",NA,NA,60,NA
"1540","www.francesoir.fr","fr",NA,2,NA,2
"1541","www.francetvinfo.fr","fr",NA,1,NA,1
"1542","www.frandroid.com","fr",NA,1,NA,NA
"1543","www.freedomproject.com","it",NA,NA,NA,1
"1544","www.freedomreport.ca","en",2,NA,NA,NA
"1545","www.freehealthacademy.com","it",NA,NA,NA,1
"1546","www.freethink.com","en",NA,1,NA,NA
"1547","www.freiewelt.net","de",NA,14,NA,NA
"1548","www.freigeist-forum-tuebingen.de","de",NA,1,NA,NA
"1549","www.freiheitdergedanken.de","de",6,NA,10,18
"1550","www.freshcutnews.it","it",NA,NA,NA,1
"1551","www.frontiersin.org","en",NA,3,NA,NA
"1552","www.frontiersin.org","it",NA,NA,NA,11
"1553","www.ft.com","en",NA,4,NA,NA
"1554","www.fundfreely.com","en",NA,NA,NA,1
"1555","www.futura-sciences.com","fr",NA,6,NA,1
"1556","www.ganzshop.de","de",1,NA,NA,NA
"1557","www.gatesfoundation.org","de",NA,1,NA,NA
"1558","www.gatesfoundation.org","fr",NA,NA,NA,6
"1559","www.gatesnotes.com","fr",NA,NA,NA,1
"1560","www.gazette-news.co.uk","en",1,NA,NA,NA
"1561","www.gazzetta.it","it",1,2,NA,NA
"1562","www.gazzettadiparma.it","it",NA,1,NA,NA
"1563","www.geenstijl.nl","nl",NA,1,NA,NA
"1564","www.geo.de","de",NA,NA,NA,3
"1565","www.geoengineeringmonitor.org","fr",NA,2,NA,NA
"1566","www.geopop.it","it",1,NA,NA,NA
"1567","www.gesichtserkennung-stoppen.ch","de",NA,2,NA,NA
"1568","www.gettr.com","de",NA,NA,11,2
"1569","www.gettr.com","en",NA,NA,5,NA
"1570","www.gettr.com","fr",NA,NA,1,NA
"1571","www.gettyimages.es","it",NA,NA,NA,1
"1572","www.giornaledellavela.com","it",NA,NA,NA,1
"1573","www.giornaledibrescia.it","it",NA,1,NA,NA
"1574","www.giubberosse.news","it",NA,4,NA,26
"1575","www.giubileo-2025.it","it",NA,2,NA,NA
"1576","www.globaltimes.cn","en",NA,NA,NA,1
"1577","www.globest.com","en",NA,6,NA,NA
"1578","www.gofundfreely.com","en",NA,NA,NA,8
"1579","www.gofundfreely.com","fr",NA,NA,NA,1
"1580","www.gofundme.com","en",NA,NA,NA,1
"1581","www.goldcoast.qld.gov.au","en",NA,2,NA,NA
"1582","www.goldseiten.de","de",NA,2,NA,NA
"1583","www.goodreads.com","en",NA,1,NA,NA
"1584","www.google.com","de",NA,7,NA,13
"1585","www.google.com","en",NA,6,NA,NA
"1586","www.google.com","fr",NA,2,NA,1
"1587","www.google.com","it",3,NA,2,5
"1588","www.google.de","de",NA,1,3,NA
"1589","www.gourmetbugs.ch","de",NA,NA,NA,11
"1590","www.gouvernement.fr","fr",NA,3,NA,NA
"1591","www.gov.uk","en",2,9,NA,NA
"1592","www.gov.uk","fr",2,NA,NA,NA
"1593","www.gov.uk*","en",NA,NA,NA,1
"1594","www.gq-magazine.co.uk","de",NA,10,NA,NA
"1595","www.graphene-info.com","en",NA,NA,NA,3
"1596","www.graphene-info.com","nl",NA,NA,NA,1
"1597","www.great-campus.it","it",1,1,NA,NA
"1598","www.greatreject.org","en",NA,1,NA,3
"1599","www.greenandblue.it","it",NA,2,NA,NA
"1600","www.greenme.it","it",NA,NA,NA,6
"1601","www.greenpeace.org","it",NA,NA,NA,1
"1602","www.grenzwissenschaft-aktuell.de","de",NA,NA,59,NA
"1603","www.gruene-bundestag.de","de",NA,2,NA,NA
"1604","www.guyboulianne.info","fr",NA,1,NA,NA
"1605","www.habitation.gouv.qc.ca","en",NA,1,NA,NA
"1606","www.handelsblatt.com","de",NA,NA,84,NA
"1607","www.handelszeitung.ch","de",NA,2,NA,NA
"1608","www.happytalism.world","fr",NA,2,NA,NA
"1609","www.hauke-verlag.de","de",NA,NA,80,NA
"1610","www.healthdesk.it","it",NA,NA,NA,1
"1611","www.healthycanadians.gc.ca","en",NA,NA,NA,1
"1612","www.heidelberg24.de","de",NA,NA,NA,4
"1613","www.heise.de","de",NA,1,3,4
"1614","www.hellohelloinfo.com","fr",NA,NA,NA,6
"1615","www.hennessysview.com","nl",NA,NA,NA,1
"1616","www.hessenschau.de","de",NA,NA,1,NA
"1617","www.hnmda.nl","nl",1,NA,NA,NA
"1618","www.homocivilis.it","it",NA,NA,NA,1
"1619","www.hood.de","de",NA,NA,NA,3
"1620","www.hopkinsmedicine.org","nl",NA,NA,NA,1
"1621","www.horizon2020.gouv.fr","fr",NA,NA,2,NA
"1622","www.horizonspublics.fr","fr",NA,3,NA,NA
"1623","www.huawei.com","it",NA,2,NA,NA
"1624","www.huffingtonpost.co.uk","en",NA,NA,NA,2
"1625","www.huffpost.com","en",NA,NA,NA,1
"1626","www.humanite.fr","fr",NA,10,NA,NA
"1627","www.humorousmathematics.com","en",NA,NA,NA,3
"1628","www.iceagefarmer.com","en",NA,16,2,3
"1629","www.icleioceania.org","en",NA,1,NA,NA
"1630","www.ideegreen.it","it",NA,NA,NA,3
"1631","www.ikesmartcity.com","en",NA,4,NA,NA
"1632","www.ilcorrieredellacitta.com","it",NA,NA,NA,1
"1633","www.ilfattoquotidiano.it","it",3,3,NA,NA
"1634","www.ilgazzettino.it","it",1,NA,NA,1
"1635","www.ilgiornale.it","it",NA,NA,NA,3
"1636","www.ilgiornaleditalia.it","it",NA,NA,NA,2
"1637","www.ilmattino.it","it",NA,7,NA,1
"1638","www.ilmessaggero.it","it",NA,NA,NA,2
"1639","www.ilnazionale.it","it",NA,1,NA,NA
"1640","www.ilprimatonazionale.it","it",NA,NA,4,NA
"1641","www.ilsole24ore.com","it",NA,6,NA,1
"1642","www.iltempo.it","it",2,NA,NA,NA
"1643","www.imolaoggi.it","it",NA,NA,NA,3
"1644","www.inakarb.co.uk","de",NA,NA,3,NA
"1645","www.inakarb.de","de",NA,NA,3,NA
"1646","www.independent","it",NA,NA,NA,1
"1647","www.independent.co.uk","de",NA,NA,NA,6
"1648","www.independent.co.uk","en",1,1,NA,NA
"1649","www.independent.co.uk","it",NA,NA,NA,7
"1650","www.independent.ie","en",NA,NA,NA,1
"1651","www.infineon.com","en",NA,1,NA,NA
"1652","www.influencewatch.org","it",NA,NA,NA,3
"1653","www.informazioneoggi.it","it",NA,NA,NA,3
"1654","www.infosperber.ch","de",NA,2,NA,NA
"1655","www.infowars.com","de",NA,NA,1,1
"1656","www.infowars.com","en",NA,NA,2,2
"1657","www.infowars.com","it",NA,NA,NA,3
"1658","www.infranken.de","de",NA,NA,NA,2
"1659","www.infrarot-guide.de","de",NA,5,NA,NA
"1660","www.infrastructure.gc.ca","en",2,3,NA,NA
"1661","www.infrastructure.gc.ca","fr",1,NA,NA,NA
"1662","www.ingka.com","en",NA,NA,NA,1
"1663","www.inputech.ch","de",2,2,NA,NA
"1664","www.inran.it","it",NA,NA,NA,1
"1665","www.inselradio.com","de",1,NA,NA,NA
"1666","www.inside-it.ch","de",NA,2,NA,NA
"1667","www.insider.com","en",NA,NA,NA,1
"1668","www.insider.com","fr",NA,NA,NA,1
"1669","www.insider.com","it",NA,NA,NA,3
"1670","www.instagram.com","de",3,7,1,9
"1671","www.instagram.com","en",8,56,2,5
"1672","www.instagram.com","fr",NA,NA,NA,6
"1673","www.instagram.com","it",NA,2,NA,13
"1674","www.instagram.com","nl",NA,NA,NA,1
"1675","www.interris.it","it",NA,NA,NA,1
"1676","www.investmentwatchblog.com","it",NA,NA,NA,1
"1677","www.iosrjournals.org","de",NA,5,NA,NA
"1678","www.iosrjournals.org","en",NA,2,NA,NA
"1679","www.ipcc.ch","en",1,NA,NA,NA
"1680","www.isde.it","it",NA,NA,2,NA
"1681","www.israel365news.com","de",NA,NA,NA,5
"1682","www.israelnationalnews.com","en",NA,1,NA,NA
"1683","www.italiador.com","it",NA,NA,NA,2
"1684","www.italiancricketfarm.com","it",NA,NA,NA,1
"1685","www.itv.com","de",1,NA,NA,NA
"1686","www.itv.com","en",7,4,NA,NA
"1687","www.itv.com","fr",2,4,NA,NA
"1688","www.itv.com","it",13,13,NA,NA
"1689","www.jandonline.org","it",NA,NA,NA,1
"1690","www.japan.go.jp","de",NA,1,NA,NA
"1691","www.jeder-mensch.eu","de",NA,NA,1,NA
"1692","www.jeffereyjaxen.com","it",NA,NA,5,NA
"1693","www.jihadwatch.org","en",NA,NA,NA,3
"1694","www.jiminis.com","it",NA,NA,NA,3
"1695","www.journaldeleconomie.fr","fr",NA,10,NA,NA
"1696","www.journalistenwatch.com","de",NA,NA,NA,4
"1697","www.journalofdairyscience.org","it",NA,NA,NA,3
"1698","www.ka-news.de","de",NA,NA,NA,1
"1699","www.karlsruhe-insider.de","de",NA,NA,1,NA
"1700","www.kcap.eu","de",36,NA,NA,NA
"1701","www.kern.bayern.de","de",NA,NA,NA,1
"1702","www.kerzenofen.de","de",NA,NA,NA,3
"1703","www.kettner-edelmetalle.de","de",2,NA,NA,NA
"1704","www.kevinjjohnston.me","en",2,NA,NA,NA
"1705","www.khou.com","en",NA,1,NA,NA
"1706","www.kickstartqueensland.com.au","en",NA,2,NA,NA
"1707","www.kickstartqueensland.com.au","nl",NA,1,NA,NA
"1708","www.kla.tv","de",91,50,NA,NA
"1709","www.kla.tv","fr",24,NA,NA,NA
"1710","www.kla.tv","it",NA,NA,NA,5
"1711","www.klimabuendnis.org","de",NA,1,NA,NA
"1712","www.konradober.de","de",NA,NA,NA,3
"1713","www.kopp-verlag.at","de",NA,NA,NA,1
"1714","www.kopp-verlag.de","de",3,NA,NA,45
"1715","www.kosmo.at","de",NA,NA,NA,1
"1716","www.kpbs.org","en",NA,1,NA,NA
"1717","www.ktipp.ch","de",NA,6,NA,NA
"1718","www.kulturstudio.tv","de",3,7,4,11
"1719","www.labarama.com","de",NA,NA,NA,1
"1720","www.ladepeche.fr","fr",NA,29,NA,NA
"1721","www.ladige.it","it",NA,1,NA,NA
"1722","www.lalaziosiamonoi.it","it",NA,1,NA,NA
"1723","www.lanouvellerepublique.fr","fr",NA,17,NA,NA
"1724","www.laprovinciacr.it","en",NA,1,NA,NA
"1725","www.laquintacolumna.info","de",NA,NA,NA,6
"1726","www.laquintacolumna.info","en",NA,NA,NA,4
"1727","www.laquintacolumna.info","it",NA,NA,NA,5
"1728","www.larena.it","it",NA,NA,NA,2
"1729","www.lasicilia.it","it",NA,1,NA,NA
"1730","www.lastampa.it","it",NA,NA,NA,1
"1731","www.latecnosfera.com","it",NA,NA,NA,3
"1732","www.latribune.fr","fr",NA,19,NA,NA
"1733","www.laverita.info","it",3,3,NA,NA
"1734","www.laveritarendeliberi.it","it",NA,NA,NA,2
"1735","www.lci.fr","fr",NA,1,NA,NA
"1736","www.ledevoir.com","en",NA,1,NA,NA
"1737","www.ledsmagazine.com","de",NA,2,NA,NA
"1738","www.leeds.gov.uk","en",1,NA,NA,NA
"1739","www.lefigaro.fr","fr",NA,1,NA,NA
"1740","www.lefigaro.fr","it",3,3,NA,NA
"1741","www.leggo.it","it",NA,NA,NA,3
"1742","www.legifrance.gouv.fr","fr",NA,15,NA,NA
"1743","www.legislation.gov.uk","en",NA,NA,NA,1
"1744","www.lelibrepenseur.org","fr",NA,NA,2,2
"1745","www.lemonde.fr","fr",NA,1,NA,5
"1746","www.lemondeinformatique.fr","fr",NA,1,NA,NA
"1747","www.lepoint.fr","fr",NA,2,NA,NA
"1748","www.leprogres.fr","fr",NA,12,NA,NA
"1749","www.lerepairedesmotards.com","fr",NA,1,NA,NA
"1750","www.lesechos.fr","fr",NA,7,NA,NA
"1751","www.libelle.nl","nl",NA,NA,1,NA
"1752","www.liberoquotidiano.it","it",NA,2,NA,NA
"1753","www.libertyhumanrights.org.uk","en",NA,3,NA,NA
"1754","www.lichtkind.nl","nl",NA,2,NA,NA
"1755","www.lifegate.it","it",NA,NA,NA,3
"1756","www.lifesitenews.com","en",NA,2,NA,1
"1757","www.lifesitenews.com","it",NA,NA,NA,3
"1758","www.lifesitenews.com","nl",NA,NA,NA,1
"1759","www.lindependant.fr","fr",NA,17,NA,NA
"1760","www.lindipendente.online","en",NA,NA,NA,1
"1761","www.lindipendente.online","it",NA,NA,NA,1
"1762","www.linkiesta.it","en",NA,1,NA,NA
"1763","www.linkiesta.it","it",NA,NA,NA,3
"1764","www.litaliamensile.it","fr",2,NA,NA,NA
"1765","www.liv.asn.au","en",NA,1,NA,NA
"1766","www.livablecitiesforum.com","en",NA,1,NA,NA
"1767","www.livekindly.co","fr",NA,NA,NA,1
"1768","www.livescience.com","en",NA,NA,NA,1
"1769","www.lmg.li","nl",NA,1,NA,NA
"1770","www.local-energy.swiss","de",2,2,NA,NA
"1771","www.localteam.it","it",NA,7,NA,NA
"1772","www.lohberger.com","de",NA,NA,NA,6
"1773","www.lokalkompass.de","de",NA,NA,1,NA
"1774","www.lombardiatv.com","it",1,NA,NA,NA
"1775","www.london.gov.uk","en",NA,20,NA,NA
"1776","www.lpb-bw.de","de",NA,8,NA,NA
"1777","www.lto.de","de",NA,NA,4,NA
"1778","www.lucascialo.it","it",NA,NA,1,NA
"1779","www.luzernerzeitung.ch","de",NA,6,NA,NA
"1780","www.lyonmag.com","fr",NA,17,NA,NA
"1781","www.macrolibrarsi.it","it",NA,NA,NA,1
"1782","www.manova.news","de",2,NA,2,NA
"1783","www.manufacturer.lighting","de",NA,2,NA,NA
"1784","www.manufacturer.lighting","en",NA,1,NA,NA
"1785","www.marianne.net","fr",NA,1,NA,5
"1786","www.mariannezwagerman.nl","nl",NA,NA,NA,1
"1787","www.maribyrnong.vic.gov.au","en",NA,9,NA,NA
"1788","www.markfoxnews.com","en",NA,NA,NA,2
"1789","www.marstonholdings.co.uk","en",NA,1,NA,NA
"1790","www.matteogracis.it","it",NA,NA,NA,3
"1791","www.maurizioblondet.it","it",NA,NA,1,6
"1792","www.mdpi.com","en",2,2,NA,NA
"1793","www.mdpi.com","it",NA,NA,NA,4
"1794","www.mdr.de","de",NA,NA,2,5
"1795","www.mediamatters.org","it",NA,NA,1,NA
"1796","www.merkur-zeitschrift.de","de",2,2,2,NA
"1797","www.merkur.de","de",5,1,329,11
"1798","www.merkur.de","en",NA,NA,NA,1
"1799","www.miamigov.com","en",NA,2,NA,NA
"1800","www.michiganfarmnews.com","de",NA,NA,NA,5
"1801","www.micronutris.com","en",NA,NA,NA,2
"1802","www.minds.com","de",20,20,4,62
"1803","www.minds.com","en",16,36,12,17
"1804","www.minds.com","fr",NA,NA,2,NA
"1805","www.mintpressnews.com","it",NA,NA,NA,3
"1806","www.mirror.co.uk","de",NA,NA,2,1
"1807","www.mirror.co.uk","fr",1,NA,1,NA
"1808","www.monetas.ch","nl",NA,1,NA,NA
"1809","www.money.it","it",NA,NA,NA,3
"1810","www.monsieur-legionnaire.org","fr",NA,12,NA,NA
"1811","www.moosejawtoday.com","en",NA,NA,NA,2
"1812","www.mopo.de","de",1,NA,NA,NA
"1813","www.morgenpost.de","de",NA,NA,NA,2
"1814","www.mos.ru","de",1,NA,NA,NA
"1815","www.mrif.gouv.qc.ca","en",NA,1,NA,NA
"1816","www.msn.com","de",2,1,5,NA
"1817","www.msn.com","en",NA,NA,NA,8
"1818","www.msn.com","it",NA,1,NA,1
"1819","www.my","en",NA,2,NA,NA
"1820","www.mycause.com.au","en",NA,2,NA,NA
"1821","www.n-tv.de","de",1,NA,128,4
"1822","www.nationalgeographic.com","it",NA,NA,NA,3
"1823","www.nationalreview.com","en",NA,NA,1,NA
"1824","www.naturalnews.com","en",NA,NA,1,5
"1825","www.naturalnews.com","fr",NA,NA,NA,4
"1826","www.naturalnews.com","it",NA,NA,NA,4
"1827","www.naturalnews.com","nl",NA,NA,NA,1
"1828","www.nature.com","de",NA,NA,NA,2
"1829","www.nature.com","fr",NA,1,NA,NA
"1830","www.nature.com","it",NA,NA,NA,6
"1831","www.natureofhealing.org","en",NA,NA,NA,1
"1832","www.nau.ch","de",NA,2,60,NA
"1833","www.nbcnews.com","de",NA,NA,NA,6
"1834","www.nbcnews.com","en",NA,1,NA,1
"1835","www.ncbi.nlm.nih.gov","en",NA,NA,NA,8
"1836","www.ncbi.nlm.nih.gov","it",NA,NA,NA,110
"1837","www.ncbi.nlm.nih.gov","nl",NA,NA,NA,27
"1838","www.ndr.de","de",NA,1,1,NA
"1839","www.ndtv.com","it",NA,NA,NA,1
"1840","www.nec.com","en",NA,1,NA,NA
"1841","www.neom.com","de",4,8,NA,NA
"1842","www.neom.com","fr",2,44,4,NA
"1843","www.neopresse.com","de",NA,NA,1,NA
"1844","www.neoterisches-bewusstsein.com","de",NA,NA,NA,11
"1845","www.nestle.com","it",NA,NA,NA,2
"1846","www.netzwelt.de","de",NA,NA,1,NA
"1847","www.netzwoche.ch","de",2,2,NA,NA
"1848","www.newcastle.edu.au","en",NA,1,NA,NA
"1849","www.newcastle.nsw.gov.au","en",NA,1,NA,NA
"1850","www.newmurabba.com","en",NA,3,NA,NA
"1851","www.news-medical.net","nl",NA,NA,NA,1
"1852","www.news.com.au","de",NA,1,NA,NA
"1853","www.news.com.au","en",4,9,NA,3
"1854","www.news.com.au","it",3,3,NA,NA
"1855","www.newsweek.com","de",NA,NA,80,NA
"1856","www.newsweek.com","en",NA,4,NA,NA
"1857","www.nicolaporro.it","it",NA,NA,1,NA
"1858","www.nieuwedageraad.nl","nl",NA,2,NA,NA
"1859","www.nieuwsplein33.nl","nl",NA,2,NA,NA
"1860","www.ninefornews.nl","nl",NA,1,2,NA
"1861","www.noblesavages.me","en",2,NA,NA,NA
"1862","www.nocorruptionalliance.com","en",1,1,NA,NA
"1863","www.nogeoingegneria.com","it",NA,1,NA,NA
"1864","www.noisiamoagricoltura.com","it",NA,NA,NA,3
"1865","www.nordkurier.de","de",NA,NA,4,8
"1866","www.notourfuture.org","en",3,NA,NA,NA
"1867","www.nouvelordremondial.cc","fr",NA,NA,4,NA
"1868","www.novaccess.ch","de",NA,2,NA,NA
"1869","www.noz.de","de",NA,NA,1,NA
"1870","www.npr.org","it",NA,NA,NA,1
"1871","www.nrc.nl","nl",NA,3,NA,NA
"1872","www.nrn.com","de",NA,NA,NA,6
"1873","www.nsf.gov","fr",NA,1,NA,NA
"1874","www.nsw.gov.au","en",NA,3,NA,NA
"1875","www.ntz.de","de",3,NA,NA,NA
"1876","www.nu.nl","nl",NA,NA,2,2
"1877","www.numerama.com","fr",NA,2,NA,NA
"1878","www.nw.de","de",NA,NA,1,NA
"1879","www.nyc.gov","it",4,4,NA,NA
"1880","www.nytimes.com","en",1,1,NA,7
"1881","www.nytimes.com","fr",NA,NA,NA,4
"1882","www.nytimes.com","it",5,5,NA,3
"1883","www.nzz.ch","de",1,3,3,NA
"1884","www.oe24.at","de",NA,NA,2,1
"1885","www.ofen.de","de",NA,NA,NA,3
"1886","www.oie.int","en",NA,NA,NA,2
"1887","www.okitube.com","de",NA,2,NA,NA
"1888","www.oliveoiltimes.com","en",NA,NA,NA,2
"1889","www.oliveoiltimes.com","fr",NA,NA,NA,2
"1890","www.ombudsman.europa.eu","fr",NA,3,NA,NA
"1891","www.onenation.org.au","en",NA,NA,1,NA
"1892","www.online-translator.com","de",NA,NA,1,NA
"1893","www.onvista.de","de",NA,NA,80,NA
"1894","www.op-online.de","de",NA,NA,1,NA
"1895","www.open.online","it",6,6,NA,NA
"1896","www.openrightsgroup.org","en",NA,6,NA,NA
"1897","www.opex360.com","fr",NA,12,NA,NA
"1898","www.orizzontenergia.it","it",NA,NA,NA,1
"1899","www.orpha.net","it",NA,NA,NA,10
"1900","www.orticaweb.it","it",NA,3,NA,NA
"1901","www.ortodacoltivare.it","it",NA,NA,NA,3
"1902","www.orwell-news.ch","de",NA,2,NA,NA
"1903","www.osu.edu","en",NA,NA,NA,1
"1904","www.ouest-france.fr","fr",NA,17,NA,NA
"1905","www.ourbodiesourselves.org","en",NA,NA,NA,3
"1906","www.oxford.gov.uk","it",4,3,1,NA
"1907","www.oxfordmail.co.uk","de",2,NA,NA,NA
"1908","www.oxfordmail.co.uk","en",1,2,1,NA
"1909","www.oxfordmail.co.uk","fr",2,NA,NA,NA
"1910","www.oxfordmail.co.uk","it",3,5,NA,NA
"1911","www.oxfordmail.co.uk","nl",3,NA,NA,NA
"1912","www.oxfordshire.gov.uk","nl",3,NA,NA,NA
"1913","www.oxfordstudent.com","en",2,NA,NA,NA
"1914","www.paris-normandie.fr","fr",NA,12,NA,NA
"1915","www.paris.fr","fr",11,NA,2,NA
"1916","www.paris.fr","it",1,NA,1,NA
"1917","www.parlament.ch","fr",16,NA,NA,NA
"1918","www.pashudhanpraharee.com","en",NA,NA,NA,1
"1919","www.passeportsante.net","fr",NA,NA,NA,3
"1920","www.pasteur.fr","fr",NA,6,NA,NA
"1921","www.patrioticalternative.org.uk","en",4,NA,NA,NA
"1922","www.patriotpetition.org","de",NA,NA,2,NA
"1923","www.pauls-muehle.de","de",NA,NA,NA,1
"1924","www.paypal.com","de",NA,1,6,NA
"1925","www.paypal.com","it",11,NA,NA,15
"1926","www.paypal.me","de",NA,2,2,NA
"1927","www.paypal.me","it",NA,NA,NA,1
"1928","www.pbs.org","en",NA,1,NA,NA
"1929","www.pdxeng.ch","de",NA,2,NA,NA
"1930","www.petfoodindustry.com","en",NA,NA,NA,1
"1931","www.petfoodprocessing.net","en",NA,NA,NA,1
"1932","www.petities.nl","nl",NA,1,NA,NA
"1933","www.petitionproject.org","fr",NA,1,NA,NA
"1934","www.philips.com","fr",NA,13,NA,NA
"1935","www.phytodoc.de","de",NA,NA,NA,1
"1936","www.piazzafontana.net","it",NA,1,NA,NA
"1937","www.pinterest.de","de",NA,NA,NA,2
"1938","www.planmelbourne.vic.gov.au","it",1,NA,1,NA
"1939","www.pnas.org","en",NA,NA,NA,1
"1940","www.pnas.org","it",NA,NA,NA,3
"1941","www.pnas.org","nl",NA,NA,NA,1
"1942","www.podbean.com","en",NA,2,NA,NA
"1943","www.police-actionsolidaire.fr","fr",NA,60,NA,NA
"1944","www.police-pour-la-verite.org","fr",NA,16,NA,NA
"1945","www.politaia.org","de",NA,NA,NA,2
"1946","www.politico.com","en",NA,NA,NA,3
"1947","www.politico.eu","en",NA,3,NA,NA
"1948","www.politico.eu","fr",NA,NA,1,NA
"1949","www.politico.eu","it",NA,NA,5,NA
"1950","www.ppan.it","it",1,NA,1,NA
"1951","www.pravda-tv.com","de",11,9,10,3
"1952","www.presseportal.de","de",NA,NA,1,NA
"1953","www.presstor.fr","fr",NA,1,NA,NA
"1954","www.prnewswire.com","en",NA,1,NA,NA
"1955","www.processalimentaire.com","fr",NA,6,NA,NA
"1956","www.profession-gendarme.com","fr",1,NA,NA,NA
"1957","www.professoredinger.com","de",NA,NA,3,NA
"1958","www.project-syndicate.org","en",NA,NA,4,NA
"1959","www.project-syndicate.org","fr",NA,NA,4,NA
"1960","www.psychologiemagazine.nl","nl",NA,NA,2,NA
"1961","www.publicsenat.fr","fr",NA,NA,NA,5
"1962","www.puretuber.com","en",NA,NA,2,NA
"1963","www.qmchealthid.com","en",NA,1,NA,NA
"1964","www.qresearch.it","en",NA,NA,NA,2
"1965","www.qscience.com","it",NA,NA,NA,3
"1966","www.qsiresources.com","en",NA,2,NA,NA
"1967","www.quantummaterialscorp.com","en",NA,1,NA,NA
"1968","www.quattroruote.it","it",NA,1,NA,NA
"1969","www.quiradiolondra.com","it",NA,NA,1,5
"1970","www.quotidiano.net","it",NA,NA,NA,1
"1971","www.quotidianopiemontese.it","it",NA,NA,NA,1
"1972","www.radio24.ilsole24ore.com","en",NA,1,NA,NA
"1973","www.radioalbion.com","en",NA,1,2,NA
"1974","www.radiofrance.fr","fr",NA,NA,NA,1
"1975","www.radioled.eu","en",NA,4,NA,NA
"1976","www.radioled.eu","fr",NA,2,NA,NA
"1977","www.radioled.eu","nl",NA,1,NA,NA
"1978","www.railexpress.com.au","en",2,NA,NA,NA
"1979","www.rainews.it","it",NA,2,NA,1
"1980","www.rassegnastampa.eu","it",NA,1,NA,NA
"1981","www.rbf.org","fr",NA,1,NA,NA
"1982","www.rd.com","en",NA,NA,NA,5
"1983","www.rebelnews.com","de",2,2,NA,NA
"1984","www.rebelnews.com","en",1,1,NA,2
"1985","www.reddit.com","en",NA,NA,NA,5
"1986","www.reddit.com","nl",NA,NA,NA,1
"1987","www.redemption.news","de",NA,1,NA,NA
"1988","www.redvoicemedia.com","en",NA,38,6,NA
"1989","www.redvoicemedia.com","fr",NA,4,NA,NA
"1990","www.reignitedemocracyaustralia.com.au","en",NA,NA,NA,1
"1991","www.reloaded.info","it",NA,NA,NA,2
"1992","www.renovatio21.com","it",NA,NA,NA,1
"1993","www.repubblica.it","fr",NA,NA,NA,1
"1994","www.repubblica.it","it",2,1,1,16
"1995","www.researchgate.net","de",NA,3,NA,NA
"1996","www.researchgate.net","en",NA,4,NA,8
"1997","www.researchgate.net","nl",NA,NA,NA,3
"1998","www.reuters.com","de",NA,NA,NA,2
"1999","www.reuters.com","en",NA,3,NA,3
"2000","www.reuters.com","it",3,3,NA,NA
"2001","www.rheinpfalz.de","de",3,NA,NA,NA
"2002","www.rijksoverheid.nl","de",NA,1,NA,NA
"2003","www.rijksoverheid.nl","nl",NA,NA,NA,1
"2004","www.rinascimentoitalia.it","it",NA,NA,2,NA
"2005","www.rinnovabili.it","it",NA,NA,NA,3
"2006","www.riotimesonline.com","de",NA,2,NA,1
"2007","www.riotimesonline.com","fr",NA,15,NA,NA
"2008","www.rivm.nl","nl",NA,NA,1,NA
"2009","www.rnd.de","de",NA,NA,10,NA
"2010","www.rockefellerfoundation.org","fr",NA,4,NA,NA
"2011","www.romadailynews.it","it",NA,NA,NA,6
"2012","www.romatoday.it","it",NA,7,NA,NA
"2013","www.rt.com","en",NA,2,1,NA
"2014","www.rt.com","it",NA,2,NA,NA
"2015","www.rtpi.org.uk","en",NA,1,NA,NA
"2016","www.rtvoost.nl","de",NA,NA,NA,20
"2017","www.rtvoost.nl","en",NA,NA,NA,2
"2018","www.rtvoost.nl","fr",NA,NA,NA,3
"2019","www.rtvoost.nl","it",NA,NA,NA,1
"2020","www.rtvoost.nl","nl",NA,NA,NA,1
"2021","www.rubikon.news","de",1,10,1,5
"2022","www.ruhr24.de","de",NA,NA,NA,2
"2023","www.rumble.com","en",2,NA,NA,NA
"2024","www.russia-briefing.com","en",NA,1,NA,NA
"2025","www.s-ge.com","de",2,2,NA,NA
"2026","www.saarbruecker-zeitung.de","de",NA,NA,3,NA
"2027","www.satispay.com","it",NA,NA,NA,1
"2028","www.saverealnews.co.uk","en",NA,1,NA,NA
"2029","www.savonanews.it","en",NA,NA,NA,1
"2030","www.sbb.ch","de",NA,2,NA,NA
"2031","www.sbir.gov","it",NA,NA,NA,7
"2032","www.science.org","it",NA,NA,NA,2
"2033","www.sciencedaily.com","it",1,1,NA,NA
"2034","www.sciencedirect.com","en",NA,NA,NA,8
"2035","www.sciencedirect.com","it",NA,NA,NA,35
"2036","www.sciencedirect.com","nl",NA,NA,NA,3
"2037","www.scientificamerican.com","it",NA,NA,NA,3
"2038","www.scmp.com","en",NA,NA,NA,1
"2039","www.scp.nl","nl",NA,NA,NA,1
"2040","www.scribd.com","en",NA,NA,NA,1
"2041","www.scribd.com","nl",NA,NA,NA,1
"2042","www.seattletimes.com","it",NA,NA,NA,3
"2043","www.sec.gov","en",NA,1,NA,NA
"2044","www.secoloditalia.it","it",NA,2,NA,NA
"2045","www.senat.fr","fr",NA,2,NA,NA
"2046","www.servizipidstore.it","it",NA,NA,NA,1
"2047","www.ses.nsw.gov.au","en",NA,1,NA,NA
"2048","www.sidewalklabs.com","it",NA,1,NA,NA
"2049","www.signify.com","fr",NA,13,NA,NA
"2050","www.sinistrainrete.info","it",NA,NA,NA,2
"2051","www.sista.uni-hamburg.de","de",2,NA,2,NA
"2052","www.sixfeettoeat.de","de",NA,NA,NA,1
"2053","www.skynews.com.au","en",NA,2,NA,NA
"2054","www.skyscrapercity.com","it",1,NA,NA,NA
"2055","www.slowfood.it","it",NA,NA,NA,1
"2056","www.smart-city-berlin.de","de",NA,2,NA,NA
"2057","www.smart-city-dialog.de","de",NA,35,NA,NA
"2058","www.smart-city-dialog.de","fr",NA,1,NA,NA
"2059","www.smart-energy.com","de",NA,2,NA,NA
"2060","www.smartcities.at","en",NA,3,NA,NA
"2061","www.smartcitiesdive.com","de",NA,1,NA,NA
"2062","www.smartcitiesdive.com","en",NA,2,NA,NA
"2063","www.smartcitieslibrary.com","en",NA,8,NA,NA
"2064","www.smartcitiesworld.net","en",NA,19,NA,NA
"2065","www.smartcitiesworld.net","it",NA,2,NA,NA
"2066","www.smartcityhub.ch","de",2,2,NA,NA
"2067","www.smartgrid-smartcity.com","fr",NA,6,NA,NA
"2068","www.smarticular.net","de",NA,NA,NA,1
"2069","www.smartnation.gov.sg","en",NA,1,NA,NA
"2070","www.smartsuisse.com","de",2,2,NA,NA
"2071","www.smh.com.au","en",NA,1,NA,NA
"2072","www.smithsonianmag.com","en",NA,NA,NA,1
"2073","www.solarkochschule.de","de",NA,NA,NA,3
"2074","www.sott.net","en",11,15,10,36
"2075","www.spectator.com.au","en",NA,2,1,1
"2076","www.spektrum.de","de",NA,NA,3,NA
"2077","www.spiegel.de","de",7,6,13,8
"2078","www.spiegel.de","fr",NA,2,NA,NA
"2079","www.spokanepublicradio.org","en",NA,4,NA,NA
"2080","www.spreaker.com","de",NA,1,NA,NA
"2081","www.spreaker.com","it",1,NA,NA,NA
"2082","www.stadtentwicklung.berlin.de","de",NA,2,NA,NA
"2083","www.stadtwerke-karlsruhe.de","de",NA,1,NA,NA
"2084","www.standard.co.uk","en",NA,20,NA,NA
"2085","www.standard.co.uk","fr",NA,2,NA,NA
"2086","www.standtogether.org.uk","en",6,NA,5,NA
"2087","www.startupthailand.org","de",NA,1,NA,NA
"2088","www.stefanomontanari.net","it",NA,NA,NA,1
"2089","www.stern.de","de",NA,NA,3,2
"2090","www.stewpeters.com","de",NA,NA,NA,14
"2091","www.stichting-jas.nl","nl",NA,NA,NA,1
"2092","www.stopnewnormal.net","en",NA,4,NA,NA
"2093","www.strategic-culture.org","en",NA,1,NA,NA
"2094","www.strategie.gouv.fr","fr",NA,4,NA,NA
"2095","www.stuttgarter-nachrichten.de","de",NA,NA,NA,2
"2096","www.subscribestar.com","de",NA,NA,NA,1
"2097","www.sueddeutsche.de","de",1,2,1,NA
"2098","www.sunderlandoursmartcity.com","en",NA,1,NA,NA
"2099","www.suredividend.com","de",NA,1,NA,NA
"2100","www.swarm-analytics.com","en",NA,1,NA,NA
"2101","www.swindonadvertiser.co.uk","nl",2,NA,2,NA
"2102","www.swissinfo.ch","en",NA,NA,NA,1
"2103","www.swissmill.ch","de",NA,NA,NA,11
"2104","www.swissveg.ch","de",NA,NA,NA,11
"2105","www.swr.de","de",NA,NA,NA,3
"2106","www.syti.net","en",NA,2,NA,NA
"2107","www.syti.net","fr",NA,2,NA,NA
"2108","www.t-online.de","de",NA,NA,10,18
"2109","www.t.me","de",NA,NA,1,NA
"2110","www.tagesschau.de","de",1,13,14,NA
"2111","www.tagesspiegel.de","de",NA,1,59,NA
"2112","www.taiwannews.com.tw","it",NA,1,NA,NA
"2113","www.tandfonline.com","it",1,1,NA,7
"2114","www.tdg.ch","fr",NA,1,NA,NA
"2115","www.techeblog.com","en",NA,1,NA,NA
"2116","www.technocracy.news","de",NA,1,NA,NA
"2117","www.technocracy.news","en",NA,3,NA,NA
"2118","www.technocracy.news","it",NA,1,NA,NA
"2119","www.technocracy.news","nl",NA,6,NA,NA
"2120","www.technologyreview.com","it",NA,NA,NA,3
"2121","www.telecolor.net","it",3,3,NA,NA
"2122","www.teledynedalsa.com","en",NA,2,NA,NA
"2123","www.telegraaf.nl","nl",NA,NA,1,2
"2124","www.telegraph.co.uk","en",2,14,2,NA
"2125","www.telegraph.co.uk","it",NA,9,NA,1
"2126","www.telepolis.de","de",1,NA,1,NA
"2127","www.terro.com","en",NA,NA,NA,5
"2128","www.tf1info.fr","fr",NA,NA,NA,1
"2129","www.tgcom24.mediaset.it","it",NA,NA,NA,1
"2130","www.thalesgroup.com","en",NA,1,NA,NA
"2131","www.the-sun.com","en",NA,4,NA,NA
"2132","www.theatlantic.com","de",NA,1,NA,NA
"2133","www.theatlantic.com","en",NA,1,NA,NA
"2134","www.theatlantic.com","it",NA,2,NA,NA
"2135","www.theatlantic.com","nl",NA,1,NA,NA
"2136","www.theclevelandobserver.com","it",8,7,NA,NA
"2137","www.thedailybeast.com","de",NA,NA,NA,2
"2138","www.thedrive.com","en",NA,2,NA,NA
"2139","www.theepochtimes.com","de",9,NA,9,2
"2140","www.theepochtimes.com","en",1,5,NA,4
"2141","www.theepochtimes.com","fr",15,4,15,NA
"2142","www.theepochtimes.com","it",1,1,NA,1
"2143","www.theepochtimes.com","nl",2,NA,2,NA
"2144","www.thefive8take.com.au","en",NA,2,NA,NA
"2145","www.thefreedomalliance.co.uk","en",1,1,NA,NA
"2146","www.thegatewaypundit.com","de",4,2,80,6
"2147","www.thegatewaypundit.com","en",3,8,1,4
"2148","www.thegatewaypundit.com","fr",NA,NA,NA,3
"2149","www.thegatewaypundit.com","it",NA,2,NA,3
"2150","www.thegatewaypundit.com","nl",NA,1,NA,NA
"2151","www.theglobeandmail.com","de",NA,NA,NA,2
"2152","www.thegrocerygeek.com.au","en",NA,NA,NA,1
"2153","www.theguardian.com","de",NA,NA,NA,5
"2154","www.theguardian.com","en",NA,15,1,NA
"2155","www.theguardian.com","fr",NA,3,NA,NA
"2156","www.theguardian.com","it",1,2,NA,10
"2157","www.theguardian.com","nl",NA,NA,NA,1
"2158","www.thelancet.com","en",2,NA,NA,NA
"2159","www.thelastamericanvagabond.com","en",NA,10,NA,NA
"2160","www.thelastamericanvagabond.com","fr",NA,2,NA,NA
"2161","www.thelastamericanvagabond.com","it",NA,4,NA,NA
"2162","www.thelibertybeacon.com","en",NA,2,NA,NA
"2163","www.themayor.eu","en",NA,1,NA,NA
"2164","www.thenationalherald.com","en",NA,6,NA,NA
"2165","www.theneweuropean.co.uk","it",3,3,NA,NA
"2166","www.thenews.com.pk","en",NA,NA,NA,2
"2167","www.theplan.it","it",1,1,NA,NA
"2168","www.thestandard.com.hk","it",NA,2,NA,NA
"2169","www.theta.tv","fr",NA,NA,NA,1
"2170","www.thetimes.co.uk","de",NA,NA,NA,16
"2171","www.thetimes.co.uk","en",NA,2,NA,NA
"2172","www.thetimes.co.uk","fr",1,NA,1,NA
"2173","www.theunion.com","en",NA,NA,NA,1
"2174","www.theverge.com","en",NA,1,NA,NA
"2175","www.tichyseinblick.de","de",3,NA,311,10
"2176","www.tno.nl","nl",NA,4,NA,NA
"2177","www.totaltele.com","en",NA,3,NA,NA
"2178","www.transitieweb","en",NA,NA,NA,1
"2179","www.trend-online.com","it",NA,NA,NA,1
"2180","www.tristatecity.nl","fr",NA,15,NA,NA
"2181","www.tristatecity.nl","nl",NA,3,NA,NA
"2182","www.trudiverstegen.nl","nl",NA,NA,NA,5
"2183","www.truthandaction.org","en",NA,1,NA,NA
"2184","www.tuttotech.net","it",NA,1,NA,NA
"2185","www.twitch.tv","en",NA,2,NA,NA
"2186","www.twitch.tv","it",NA,NA,NA,2
"2187","www.ucdavis.edu","it",NA,NA,NA,2
"2188","www.ucsf.edu","it",NA,NA,NA,1
"2189","www.uef.fi","nl",NA,NA,NA,1
"2190","www.uk100.org","en",NA,4,NA,NA
"2191","www.ukcolumn.org","en",8,6,NA,NA
"2192","www.un.org","en",NA,5,NA,NA
"2193","www.un.org","it",2,2,NA,NA
"2194","www.unedforum.org","en",NA,1,NA,NA
"2195","www.unglobalcompact.org","de",1,NA,NA,NA
"2196","www.uni-augsburg.de","de",NA,NA,5,NA
"2197","www.universitaeuropeadiroma.it","it",NA,NA,NA,1
"2198","www.usa.lighting.philips.com","de",NA,2,NA,NA
"2199","www.usb.it","it",NA,1,NA,NA
"2200","www.usgbc.org","it",1,1,NA,NA
"2201","www.utas.edu.au","en",1,NA,NA,NA
"2202","www.vatican.va","it",NA,2,NA,NA
"2203","www.veoh.com","de",1,NA,NA,NA
"2204","www.verminder-electrosmog.nl","nl",NA,3,NA,NA
"2205","www.vice.com","de",NA,NA,NA,22
"2206","www.vision2030.gov.sa","de",2,NA,NA,NA
"2207","www.vision2030.gov.sa","fr",NA,6,NA,NA
"2208","www.visionetv.it","it",NA,NA,NA,1
"2209","www.visionnews.online","de",1,NA,3,NA
"2210","www.visionnews.online","en",2,NA,12,2
"2211","www.visionnews.online","it",1,1,1,NA
"2212","www.visionnews.online","nl",NA,1,1,NA
"2213","www.vivereinmodonaturale.com","it",NA,NA,NA,1
"2214","www.vogue.de","de",NA,NA,59,NA
"2215","www.voiceofwales.com","en",NA,NA,1,NA
"2216","www.votalavita.it","it",NA,NA,NA,1
"2217","www.vpngids.nl","nl",NA,1,NA,NA
"2218","www.wa.de","de",NA,NA,NA,5
"2219","www.wageningenacademic.com","it",NA,NA,NA,4
"2220","www.washingtonexaminer.com","en",NA,NA,NA,1
"2221","www.washingtonexaminer.com","it",NA,NA,NA,1
"2222","www.washingtonpost.com","en",NA,7,NA,1
"2223","www.washingtonpost.com","fr",NA,NA,1,NA
"2224","www.washingtontimes.com","fr",NA,NA,1,NA
"2225","www.watertechonline.com","en",NA,NA,NA,3
"2226","www.watertechonline.com","nl",NA,NA,NA,1
"2227","www.watson.ch","de",NA,4,NA,NA
"2228","www.waz.de","de",NA,NA,NA,1
"2229","www.wbcsd.org","de",NA,NA,5,NA
"2230","www.wbcsd.org","en",NA,NA,1,NA
"2231","www.wbcsd.org","fr",NA,NA,4,NA
"2232","www.weeronline.nl","nl",NA,NA,2,NA
"2233","www.weforum.org","de",30,19,7,7
"2234","www.weforum.org","en",9,34,9,16
"2235","www.weforum.org","fr",37,34,8,9
"2236","www.weforum.org","it",28,12,6,23
"2237","www.weforum.org","nl",3,2,2,NA
"2238","www.welt.de","de",5,3,244,6
"2239","www.westernstandard.news","en",1,1,NA,NA
"2240","www.westernstandard.news","it",1,NA,NA,NA
"2241","www.westlaw.com","de",NA,2,NA,NA
"2242","www.wien.gv.at","de",1,2,NA,NA
"2243","www.wikistrike.com","fr",NA,NA,4,NA
"2244","www.williamtownaerospace.com.au","en",NA,1,NA,NA
"2245","www.wired.com","de",NA,NA,NA,1
"2246","www.wired.com","en",NA,2,NA,NA
"2247","www.wissensmanufaktur.net","de",NA,1,NA,NA
"2248","www.wiwo.de","de",1,1,NA,11
"2249","www.wnd.com","de",NA,NA,1,NA
"2250","www.wnd.com","it",NA,NA,NA,2
"2251","www.wochenblatt-dlv.de","de",NA,NA,NA,1
"2252","www.wochenblatt.de","de",NA,NA,NA,1
"2253","www.wochenblick.at","de",1,17,124,5
"2254","www.wochenblick.at","it",NA,NA,2,NA
"2255","www.workzeitung.ch","de",NA,2,NA,NA
"2256","www.worldfinance.com","en",NA,4,NA,NA
"2257","www.worldgovernmentsummit.org","de",1,NA,NA,NA
"2258","www.worldunity.me","de",NA,NA,NA,1
"2259","www.wsj.com","fr",NA,2,NA,NA
"2260","www.wsj.com","it",NA,NA,NA,2
"2261","www.wur.nl","it",NA,NA,NA,1
"2262","www.wyniasweek.nl","nl",NA,NA,1,NA
"2263","www.xandernieuws.net","nl",NA,NA,2,NA
"2264","www.xataka.com","it",NA,NA,NA,1
"2265","www.xinxii.de","de",3,NA,NA,NA
"2266","www.y","it",NA,NA,NA,1
"2267","www.yahoo.com","de",NA,NA,NA,6
"2268","www.ynsect.com","en",NA,NA,NA,1
"2269","www.ynsect.com","fr",NA,NA,NA,12
"2270","www.yumpu.com","de",NA,1,NA,NA
"2271","www.zainz.it","it",NA,NA,NA,1
"2272","www.zazoom.it","it",NA,1,NA,NA
"2273","www.zdf.de","de",NA,1,10,1
"2274","www.zdnet.com","en",NA,1,NA,NA
"2275","www.zeemaps.com","it",NA,NA,NA,5
"2276","www.zeit.de","de",NA,NA,NA,2
"2277","www.zerohedge.com","de",1,1,10,17
"2278","www.zerohedge.com","en",NA,3,NA,9
"2279","www.zerohedge.com","fr",NA,NA,1,1
"2280","www.zerohedge.com","it",2,NA,NA,4
"2281","www.zerohedge.com","nl",NA,NA,NA,5
"2282","www.zfk.de","de",NA,1,NA,NA
"2283","www.zhaw.ch","de",4,6,NA,NA
"2284","www.zonebourse.com","fr",NA,1,NA,NA
"2285","www1.wdr.de","de",2,2,NA,6
"2286","www144.statcan.gc.ca","en",NA,1,NA,NA
"2287","www2.illinois.gov","en",NA,1,NA,NA
"2288","www2.staffingindustry.com","en",NA,6,NA,NA
"2289","www3.weforum.org","de",NA,4,NA,NA
"2290","www3.weforum.org","en",NA,4,NA,NA
"2291","xochipelli.fr","en",NA,NA,NA,1
"2292","xochipelli.fr","fr",NA,NA,11,NA
"2293","xpatloop.com","en",NA,NA,NA,2
"2294","yla.org.au","en",NA,NA,NA,3
"2295","yoice.net","de",NA,2,NA,NA
"2296","youmaker.com","it",NA,NA,NA,1
"2297","yournews.com","en",1,NA,NA,NA
"2298","z1tv.hr","en",NA,1,NA,NA
"2299","zainz.scontrinoshop.com","it",NA,NA,NA,1
"2300","zeeemedia.com","en",8,79,1,2
